sale_id,date,product_id,brand,category,quantity,unit_price,discount,revenue_gtq,profit_gtq
S00001,2024-01-01,P004,Rockford Fosgate,Subwoofer,2,3999,0.0,7998.0,3598.0
S00002,2024-01-01,P008,Pioneer,Bocinas,2,699,0.1,1258.2,558.2
S00003,2024-01-01,P009,Pioneer,Subwoofer,2,1699,0.0,3398.0,1598.0
S00004,2024-01-01,P016,KBT Electronics,Amplificador,1,1799,0.0,1799.0,849.0
S00005,2024-01-02,P008,Pioneer,Bocinas,3,699,0.0,2097.0,1047.0
S00006,2024-01-02,P018,Stinger,Accesorios,1,249,0.0,249.0,129.0
S00007,2024-01-02,P020,Soundskins,Accesorios,3,699,0.0,2097.0,1047.0
S00008,2024-01-03,P006,Rockford Fosgate,Subwoofer,3,2599,0.1,7017.3,2817.3
S00009,2024-01-03,P013,Cerwin Vega,Subwoofer,2,1799,0.0,3598.0,1698.0
S00010,2024-01-03,P017,Stinger,Accesorios,3,349,0.05,994.65,454.65
S00011,2024-01-04,P006,Rockford Fosgate,Subwoofer,3,2599,0.0,7797.0,3597.0
S00012,2024-01-04,P011,JBL,Bocinas,3,999,0.0,2997.0,1497.0
S00013,2024-01-05,P014,Cerwin Vega,Bocinas,3,849,0.05,2419.65,1159.65
S00014,2024-01-05,P018,Stinger,Accesorios,3,249,0.05,709.65,349.65
S00015,2024-01-05,P020,Soundskins,Accesorios,3,699,0.1,1887.3,837.3
S00016,2024-01-06,P011,JBL,Bocinas,1,999,0.0,999.0,499.0
S00017,2024-01-06,P016,KBT Electronics,Amplificador,3,1799,0.0,5397.0,2547.0
S00018,2024-01-06,P017,Stinger,Accesorios,1,349,0.0,349.0,169.0
S00019,2024-01-06,P018,Stinger,Accesorios,1,249,0.0,249.0,129.0
S00020,2024-01-06,P020,Soundskins,Accesorios,1,699,0.1,629.1,279.1
S00021,2024-01-07,P005,Rockford Fosgate,Amplificador,3,2899,0.05,8262.15,3462.15
S00022,2024-01-07,P009,Pioneer,Subwoofer,3,1699,0.0,5097.0,2397.0
S00023,2024-01-07,P010,JBL,Subwoofer,3,1999,0.0,5997.0,2697.0
S00024,2024-01-07,P012,JBL,Amplificador,1,2399,0.0,2399.0,1099.0
S00025,2024-01-07,P014,Cerwin Vega,Bocinas,1,849,0.0,849.0,429.0
S00026,2024-01-07,P017,Stinger,Accesorios,3,349,0.0,1047.0,507.0
S00027,2024-01-07,P018,Stinger,Accesorios,3,249,0.0,747.0,387.0
S00028,2024-01-08,P006,Rockford Fosgate,Subwoofer,2,2599,0.0,5198.0,2398.0
S00029,2024-01-09,P002,Memphis Audio,Amplificador,3,3299,0.05,9402.15,4002.15
S00030,2024-01-09,P007,Pioneer,Head Unit,1,4999,0.0,4999.0,2199.0
S00031,2024-01-09,P011,JBL,Bocinas,3,999,0.0,2997.0,1497.0
S00032,2024-01-09,P013,Cerwin Vega,Subwoofer,1,1799,0.05,1709.05,759.05
S00033,2024-01-10,P001,Memphis Audio,Subwoofer,3,2199,0.0,6597.0,2997.0
S00034,2024-01-10,P005,Rockford Fosgate,Amplificador,3,2899,0.1,7827.3,3027.3
S00035,2024-01-10,P007,Pioneer,Head Unit,1,4999,0.1,4499.1,1699.1
S00036,2024-01-10,P019,Soundskins,Accesorios,3,549,0.0,1647.0,807.0
S00037,2024-01-11,P001,Memphis Audio,Subwoofer,1,2199,0.0,2199.0,999.0
S00038,2024-01-11,P002,Memphis Audio,Amplificador,1,3299,0.1,2969.1,1169.1
S00039,2024-01-11,P012,JBL,Amplificador,3,2399,0.05,6837.15,2937.15
S00040,2024-01-11,P014,Cerwin Vega,Bocinas,2,849,0.0,1698.0,858.0
S00041,2024-01-11,P020,Soundskins,Accesorios,1,699,0.0,699.0,349.0
S00042,2024-01-12,P004,Rockford Fosgate,Subwoofer,1,3999,0.0,3999.0,1799.0
S00043,2024-01-12,P012,JBL,Amplificador,3,2399,0.05,6837.15,2937.15
S00044,2024-01-12,P017,Stinger,Accesorios,1,349,0.05,331.55,151.55
S00045,2024-01-12,P018,Stinger,Accesorios,3,249,0.0,747.0,387.0
S00046,2024-01-13,P004,Rockford Fosgate,Subwoofer,3,3999,0.0,11997.0,5397.0
S00047,2024-01-13,P006,Rockford Fosgate,Subwoofer,2,2599,0.0,5198.0,2398.0
S00048,2024-01-13,P016,KBT Electronics,Amplificador,2,1799,0.0,3598.0,1698.0
S00049,2024-01-14,P002,Memphis Audio,Amplificador,2,3299,0.0,6598.0,2998.0
S00050,2024-01-14,P005,Rockford Fosgate,Amplificador,3,2899,0.05,8262.15,3462.15
S00051,2024-01-14,P010,JBL,Subwoofer,3,1999,0.0,5997.0,2697.0
S00052,2024-01-14,P013,Cerwin Vega,Subwoofer,3,1799,0.0,5397.0,2547.0
S00053,2024-01-14,P015,KBT Electronics,Head Unit,3,2199,0.0,6597.0,2997.0
S00054,2024-01-14,P018,Stinger,Accesorios,2,249,0.1,448.2,208.2
S00055,2024-01-15,P011,JBL,Bocinas,2,999,0.0,1998.0,998.0
S00056,2024-01-16,P002,Memphis Audio,Amplificador,3,3299,0.1,8907.3,3507.3
S00057,2024-01-16,P009,Pioneer,Subwoofer,1,1699,0.05,1614.05,714.05
S00058,2024-01-16,P018,Stinger,Accesorios,3,249,0.0,747.0,387.0
S00059,2024-01-17,P009,Pioneer,Subwoofer,1,1699,0.05,1614.05,714.05
S00060,2024-01-18,P010,JBL,Subwoofer,2,1999,0.0,3998.0,1798.0
S00061,2024-01-18,P014,Cerwin Vega,Bocinas,1,849,0.05,806.55,386.55
S00062,2024-01-18,P017,Stinger,Accesorios,2,349,0.0,698.0,338.0
S00063,2024-01-19,P008,Pioneer,Bocinas,2,699,0.0,1398.0,698.0
S00064,2024-01-19,P019,Soundskins,Accesorios,2,549,0.05,1043.1,483.1
S00065,2024-01-20,P008,Pioneer,Bocinas,2,699,0.0,1398.0,698.0
S00066,2024-01-20,P010,JBL,Subwoofer,2,1999,0.05,3798.1,1598.1
S00067,2024-01-21,P001,Memphis Audio,Subwoofer,2,2199,0.0,4398.0,1998.0
S00068,2024-01-21,P008,Pioneer,Bocinas,1,699,0.0,699.0,349.0
S00069,2024-01-21,P009,Pioneer,Subwoofer,3,1699,0.0,5097.0,2397.0
S00070,2024-01-21,P014,Cerwin Vega,Bocinas,3,849,0.0,2547.0,1287.0
S00071,2024-01-22,P014,Cerwin Vega,Bocinas,3,849,0.05,2419.65,1159.65
S00072,2024-01-22,P016,KBT Electronics,Amplificador,3,1799,0.0,5397.0,2547.0
S00073,2024-01-22,P017,Stinger,Accesorios,2,349,0.05,663.1,303.1
S00074,2024-01-22,P018,Stinger,Accesorios,2,249,0.05,473.1,233.1
S00075,2024-01-23,P012,JBL,Amplificador,2,2399,0.0,4798.0,2198.0
S00076,2024-01-24,P015,KBT Electronics,Head Unit,2,2199,0.0,4398.0,1998.0
S00077,2024-01-26,P006,Rockford Fosgate,Subwoofer,1,2599,0.1,2339.1,939.1
S00078,2024-01-26,P011,JBL,Bocinas,1,999,0.1,899.1,399.1
S00079,2024-01-26,P018,Stinger,Accesorios,1,249,0.05,236.55,116.55
S00080,2024-01-27,P002,Memphis Audio,Amplificador,3,3299,0.0,9897.0,4497.0
S00081,2024-01-27,P003,Memphis Audio,Amplificador,1,4499,0.0,4499.0,2099.0
S00082,2024-01-27,P015,KBT Electronics,Head Unit,3,2199,0.0,6597.0,2997.0
S00083,2024-01-27,P017,Stinger,Accesorios,1,349,0.0,349.0,169.0
S00084,2024-01-27,P019,Soundskins,Accesorios,1,549,0.1,494.1,214.1
S00085,2024-01-27,P020,Soundskins,Accesorios,1,699,0.05,664.05,314.05
S00086,2024-01-28,P019,Soundskins,Accesorios,1,549,0.0,549.0,269.0
S00087,2024-01-29,P014,Cerwin Vega,Bocinas,1,849,0.1,764.1,344.1
S00088,2024-01-29,P016,KBT Electronics,Amplificador,3,1799,0.0,5397.0,2547.0
S00089,2024-01-29,P019,Soundskins,Accesorios,3,549,0.05,1564.65,724.65
S00090,2024-01-30,P005,Rockford Fosgate,Amplificador,2,2899,0.05,5508.1,2308.1
S00091,2024-01-31,P019,Soundskins,Accesorios,3,549,0.0,1647.0,807.0
S00092,2024-02-01,P001,Memphis Audio,Subwoofer,1,2199,0.05,2089.05,889.05
S00093,2024-02-01,P017,Stinger,Accesorios,2,349,0.0,698.0,338.0
S00094,2024-02-02,P018,Stinger,Accesorios,3,249,0.05,709.65,349.65
S00095,2024-02-03,P006,Rockford Fosgate,Subwoofer,3,2599,0.1,7017.3,2817.3
S00096,2024-02-03,P008,Pioneer,Bocinas,2,699,0.0,1398.0,698.0
S00097,2024-02-03,P014,Cerwin Vega,Bocinas,2,849,0.0,1698.0,858.0
S00098,2024-02-04,P006,Rockford Fosgate,Subwoofer,1,2599,0.0,2599.0,1199.0
S00099,2024-02-04,P012,JBL,Amplificador,3,2399,0.0,7197.0,3297.0
S00100,2024-02-04,P016,KBT Electronics,Amplificador,1,1799,0.0,1799.0,849.0
S00101,2024-02-05,P017,Stinger,Accesorios,2,349,0.1,628.2,268.2
S00102,2024-02-06,P005,Rockford Fosgate,Amplificador,2,2899,0.1,5218.2,2018.2
S00103,2024-02-06,P009,Pioneer,Subwoofer,3,1699,0.05,4842.15,2142.15
S00104,2024-02-06,P014,Cerwin Vega,Bocinas,3,849,0.05,2419.65,1159.65
S00105,2024-02-07,P006,Rockford Fosgate,Subwoofer,1,2599,0.0,2599.0,1199.0
S00106,2024-02-07,P011,JBL,Bocinas,2,999,0.0,1998.0,998.0
S00107,2024-02-07,P014,Cerwin Vega,Bocinas,3,849,0.0,2547.0,1287.0
S00108,2024-02-08,P004,Rockford Fosgate,Subwoofer,1,3999,0.0,3999.0,1799.0
S00109,2024-02-08,P012,JBL,Amplificador,2,2399,0.0,4798.0,2198.0
S00110,2024-02-08,P014,Cerwin Vega,Bocinas,2,849,0.0,1698.0,858.0
S00111,2024-02-08,P018,Stinger,Accesorios,1,249,0.05,236.55,116.55
S00112,2024-02-08,P019,Soundskins,Accesorios,3,549,0.0,1647.0,807.0
S00113,2024-02-09,P002,Memphis Audio,Amplificador,2,3299,0.0,6598.0,2998.0
S00114,2024-02-09,P004,Rockford Fosgate,Subwoofer,1,3999,0.0,3999.0,1799.0
S00115,2024-02-09,P009,Pioneer,Subwoofer,2,1699,0.0,3398.0,1598.0
S00116,2024-02-09,P017,Stinger,Accesorios,2,349,0.1,628.2,268.2
S00117,2024-02-09,P020,Soundskins,Accesorios,2,699,0.0,1398.0,698.0
S00118,2024-02-10,P004,Rockford Fosgate,Subwoofer,3,3999,0.0,11997.0,5397.0
S00119,2024-02-10,P010,JBL,Subwoofer,2,1999,0.0,3998.0,1798.0
S00120,2024-02-10,P014,Cerwin Vega,Bocinas,2,849,0.0,1698.0,858.0
S00121,2024-02-10,P017,Stinger,Accesorios,3,349,0.0,1047.0,507.0
S00122,2024-02-11,P009,Pioneer,Subwoofer,1,1699,0.0,1699.0,799.0
S00123,2024-02-11,P010,JBL,Subwoofer,1,1999,0.1,1799.1,699.1
S00124,2024-02-11,P013,Cerwin Vega,Subwoofer,3,1799,0.05,5127.15,2277.15
S00125,2024-02-11,P019,Soundskins,Accesorios,3,549,0.0,1647.0,807.0
S00126,2024-02-12,P001,Memphis Audio,Subwoofer,3,2199,0.1,5937.3,2337.3
S00127,2024-02-12,P004,Rockford Fosgate,Subwoofer,2,3999,0.05,7598.1,3198.1
S00128,2024-02-12,P006,Rockford Fosgate,Subwoofer,3,2599,0.05,7407.15,3207.15
S00129,2024-02-12,P007,Pioneer,Head Unit,1,4999,0.0,4999.0,2199.0
S00130,2024-02-12,P009,Pioneer,Subwoofer,2,1699,0.1,3058.2,1258.2
S00131,2024-02-12,P017,Stinger,Accesorios,3,349,0.0,1047.0,507.0
S00132,2024-02-13,P008,Pioneer,Bocinas,2,699,0.0,1398.0,698.0
S00133,2024-02-13,P011,JBL,Bocinas,2,999,0.0,1998.0,998.0
S00134,2024-02-13,P012,JBL,Amplificador,1,2399,0.0,2399.0,1099.0
S00135,2024-02-13,P017,Stinger,Accesorios,3,349,0.1,942.3,402.3
S00136,2024-02-13,P019,Soundskins,Accesorios,2,549,0.05,1043.1,483.1
S00137,2024-02-14,P009,Pioneer,Subwoofer,3,1699,0.0,5097.0,2397.0
S00138,2024-02-14,P010,JBL,Subwoofer,2,1999,0.1,3598.2,1398.2
S00139,2024-02-15,P001,Memphis Audio,Subwoofer,2,2199,0.0,4398.0,1998.0
S00140,2024-02-15,P007,Pioneer,Head Unit,3,4999,0.0,14997.0,6597.0
S00141,2024-02-15,P008,Pioneer,Bocinas,3,699,0.0,2097.0,1047.0
S00142,2024-02-15,P017,Stinger,Accesorios,3,349,0.0,1047.0,507.0
S00143,2024-02-16,P005,Rockford Fosgate,Amplificador,2,2899,0.0,5798.0,2598.0
S00144,2024-02-16,P010,JBL,Subwoofer,2,1999,0.1,3598.2,1398.2
S00145,2024-02-16,P011,JBL,Bocinas,1,999,0.0,999.0,499.0
S00146,2024-02-16,P019,Soundskins,Accesorios,3,549,0.0,1647.0,807.0
S00147,2024-02-17,P003,Memphis Audio,Amplificador,3,4499,0.0,13497.0,6297.0
S00148,2024-02-17,P006,Rockford Fosgate,Subwoofer,2,2599,0.1,4678.2,1878.2
S00149,2024-02-17,P013,Cerwin Vega,Subwoofer,3,1799,0.05,5127.15,2277.15
S00150,2024-02-17,P016,KBT Electronics,Amplificador,1,1799,0.0,1799.0,849.0
S00151,2024-02-17,P019,Soundskins,Accesorios,2,549,0.0,1098.0,538.0
S00152,2024-02-17,P020,Soundskins,Accesorios,1,699,0.0,699.0,349.0
S00153,2024-02-18,P002,Memphis Audio,Amplificador,3,3299,0.0,9897.0,4497.0
S00154,2024-02-18,P009,Pioneer,Subwoofer,1,1699,0.0,1699.0,799.0
S00155,2024-02-18,P013,Cerwin Vega,Subwoofer,3,1799,0.05,5127.15,2277.15
S00156,2024-02-19,P010,JBL,Subwoofer,2,1999,0.05,3798.1,1598.1
S00157,2024-02-19,P011,JBL,Bocinas,2,999,0.0,1998.0,998.0
S00158,2024-02-19,P012,JBL,Amplificador,1,2399,0.1,2159.1,859.1
S00159,2024-02-19,P018,Stinger,Accesorios,3,249,0.0,747.0,387.0
S00160,2024-02-20,P002,Memphis Audio,Amplificador,1,3299,0.0,3299.0,1499.0
S00161,2024-02-20,P004,Rockford Fosgate,Subwoofer,3,3999,0.0,11997.0,5397.0
S00162,2024-02-20,P005,Rockford Fosgate,Amplificador,3,2899,0.05,8262.15,3462.15
S00163,2024-02-20,P014,Cerwin Vega,Bocinas,3,849,0.0,2547.0,1287.0
S00164,2024-02-20,P015,KBT Electronics,Head Unit,1,2199,0.1,1979.1,779.1
S00165,2024-02-22,P009,Pioneer,Subwoofer,1,1699,0.0,1699.0,799.0
S00166,2024-02-22,P011,JBL,Bocinas,3,999,0.1,2697.3,1197.3
S00167,2024-02-22,P012,JBL,Amplificador,2,2399,0.1,4318.2,1718.2
S00168,2024-02-22,P013,Cerwin Vega,Subwoofer,2,1799,0.0,3598.0,1698.0
S00169,2024-02-22,P018,Stinger,Accesorios,2,249,0.0,498.0,258.0
S00170,2024-02-24,P001,Memphis Audio,Subwoofer,2,2199,0.0,4398.0,1998.0
S00171,2024-02-24,P005,Rockford Fosgate,Amplificador,3,2899,0.0,8697.0,3897.0
S00172,2024-02-24,P010,JBL,Subwoofer,2,1999,0.0,3998.0,1798.0
S00173,2024-02-24,P015,KBT Electronics,Head Unit,1,2199,0.05,2089.05,889.05
S00174,2024-02-24,P020,Soundskins,Accesorios,1,699,0.0,699.0,349.0
S00175,2024-02-25,P002,Memphis Audio,Amplificador,2,3299,0.05,6268.1,2668.1
S00176,2024-02-25,P004,Rockford Fosgate,Subwoofer,3,3999,0.05,11397.15,4797.15
S00177,2024-02-25,P006,Rockford Fosgate,Subwoofer,1,2599,0.0,2599.0,1199.0
S00178,2024-02-25,P012,JBL,Amplificador,2,2399,0.0,4798.0,2198.0
S00179,2024-02-25,P014,Cerwin Vega,Bocinas,2,849,0.1,1528.2,688.2
S00180,2024-02-25,P016,KBT Electronics,Amplificador,2,1799,0.1,3238.2,1338.2
S00181,2024-02-26,P002,Memphis Audio,Amplificador,2,3299,0.0,6598.0,2998.0
S00182,2024-02-26,P012,JBL,Amplificador,2,2399,0.0,4798.0,2198.0
S00183,2024-02-26,P016,KBT Electronics,Amplificador,1,1799,0.0,1799.0,849.0
S00184,2024-02-26,P019,Soundskins,Accesorios,3,549,0.0,1647.0,807.0
S00185,2024-02-26,P020,Soundskins,Accesorios,2,699,0.1,1258.2,558.2
S00186,2024-02-27,P008,Pioneer,Bocinas,3,699,0.05,1992.15,942.15
S00187,2024-02-27,P009,Pioneer,Subwoofer,1,1699,0.0,1699.0,799.0
S00188,2024-02-27,P017,Stinger,Accesorios,3,349,0.0,1047.0,507.0
S00189,2024-02-27,P020,Soundskins,Accesorios,3,699,0.0,2097.0,1047.0
S00190,2024-02-28,P013,Cerwin Vega,Subwoofer,2,1799,0.0,3598.0,1698.0
S00191,2024-02-28,P018,Stinger,Accesorios,2,249,0.0,498.0,258.0
S00192,2024-02-29,P004,Rockford Fosgate,Subwoofer,2,3999,0.1,7198.2,2798.2
S00193,2024-02-29,P009,Pioneer,Subwoofer,3,1699,0.05,4842.15,2142.15
S00194,2024-02-29,P014,Cerwin Vega,Bocinas,3,849,0.05,2419.65,1159.65
S00195,2024-02-29,P015,KBT Electronics,Head Unit,1,2199,0.0,2199.0,999.0
S00196,2024-03-01,P010,JBL,Subwoofer,3,1999,0.0,5997.0,2697.0
S00197,2024-03-02,P001,Memphis Audio,Subwoofer,1,2199,0.05,2089.05,889.05
S00198,2024-03-02,P002,Memphis Audio,Amplificador,3,3299,0.05,9402.15,4002.15
S00199,2024-03-02,P012,JBL,Amplificador,3,2399,0.0,7197.0,3297.0
S00200,2024-03-02,P015,KBT Electronics,Head Unit,1,2199,0.0,2199.0,999.0
S00201,2024-03-03,P002,Memphis Audio,Amplificador,1,3299,0.0,3299.0,1499.0
S00202,2024-03-03,P009,Pioneer,Subwoofer,2,1699,0.0,3398.0,1598.0
S00203,2024-03-03,P020,Soundskins,Accesorios,1,699,0.1,629.1,279.1
S00204,2024-03-04,P001,Memphis Audio,Subwoofer,1,2199,0.0,2199.0,999.0
S00205,2024-03-04,P011,JBL,Bocinas,2,999,0.1,1798.2,798.2
S00206,2024-03-04,P014,Cerwin Vega,Bocinas,3,849,0.0,2547.0,1287.0
S00207,2024-03-04,P020,Soundskins,Accesorios,1,699,0.0,699.0,349.0
S00208,2024-03-05,P001,Memphis Audio,Subwoofer,3,2199,0.1,5937.3,2337.3
S00209,2024-03-05,P006,Rockford Fosgate,Subwoofer,3,2599,0.1,7017.3,2817.3
S00210,2024-03-05,P013,Cerwin Vega,Subwoofer,1,1799,0.0,1799.0,849.0
S00211,2024-03-06,P003,Memphis Audio,Amplificador,2,4499,0.1,8098.2,3298.2
S00212,2024-03-06,P009,Pioneer,Subwoofer,2,1699,0.05,3228.1,1428.1
S00213,2024-03-06,P017,Stinger,Accesorios,1,349,0.05,331.55,151.55
S00214,2024-03-07,P002,Memphis Audio,Amplificador,2,3299,0.1,5938.2,2338.2
S00215,2024-03-07,P006,Rockford Fosgate,Subwoofer,2,2599,0.05,4938.1,2138.1
S00216,2024-03-07,P011,JBL,Bocinas,1,999,0.05,949.05,449.05
S00217,2024-03-07,P012,JBL,Amplificador,2,2399,0.0,4798.0,2198.0
S00218,2024-03-07,P017,Stinger,Accesorios,3,349,0.0,1047.0,507.0
S00219,2024-03-07,P018,Stinger,Accesorios,3,249,0.05,709.65,349.65
S00220,2024-03-08,P003,Memphis Audio,Amplificador,1,4499,0.05,4274.05,1874.05
S00221,2024-03-08,P008,Pioneer,Bocinas,3,699,0.1,1887.3,837.3
S00222,2024-03-08,P010,JBL,Subwoofer,1,1999,0.0,1999.0,899.0
S00223,2024-03-08,P014,Cerwin Vega,Bocinas,3,849,0.0,2547.0,1287.0
S00224,2024-03-08,P017,Stinger,Accesorios,3,349,0.0,1047.0,507.0
S00225,2024-03-09,P004,Rockford Fosgate,Subwoofer,2,3999,0.0,7998.0,3598.0
S00226,2024-03-09,P010,JBL,Subwoofer,2,1999,0.0,3998.0,1798.0
S00227,2024-03-09,P017,Stinger,Accesorios,3,349,0.1,942.3,402.3
S00228,2024-03-10,P004,Rockford Fosgate,Subwoofer,2,3999,0.0,7998.0,3598.0
S00229,2024-03-12,P009,Pioneer,Subwoofer,1,1699,0.0,1699.0,799.0
S00230,2024-03-12,P011,JBL,Bocinas,2,999,0.0,1998.0,998.0
S00231,2024-03-12,P018,Stinger,Accesorios,3,249,0.1,672.3,312.3
S00232,2024-03-12,P020,Soundskins,Accesorios,3,699,0.0,2097.0,1047.0
S00233,2024-03-13,P002,Memphis Audio,Amplificador,2,3299,0.0,6598.0,2998.0
S00234,2024-03-13,P004,Rockford Fosgate,Subwoofer,1,3999,0.0,3999.0,1799.0
S00235,2024-03-13,P015,KBT Electronics,Head Unit,1,2199,0.1,1979.1,779.1
S00236,2024-03-13,P019,Soundskins,Accesorios,1,549,0.05,521.55,241.55
S00237,2024-03-14,P010,JBL,Subwoofer,3,1999,0.1,5397.3,2097.3
S00238,2024-03-14,P011,JBL,Bocinas,2,999,0.0,1998.0,998.0
S00239,2024-03-14,P016,KBT Electronics,Amplificador,3,1799,0.05,5127.15,2277.15
S00240,2024-03-15,P003,Memphis Audio,Amplificador,2,4499,0.0,8998.0,4198.0
S00241,2024-03-15,P011,JBL,Bocinas,3,999,0.0,2997.0,1497.0
S00242,2024-03-15,P013,Cerwin Vega,Subwoofer,2,1799,0.0,3598.0,1698.0
S00243,2024-03-15,P014,Cerwin Vega,Bocinas,2,849,0.0,1698.0,858.0
S00244,2024-03-16,P005,Rockford Fosgate,Amplificador,3,2899,0.1,7827.3,3027.3
S00245,2024-03-17,P012,JBL,Amplificador,3,2399,0.1,6477.3,2577.3
S00246,2024-03-17,P013,Cerwin Vega,Subwoofer,3,1799,0.0,5397.0,2547.0
S00247,2024-03-17,P014,Cerwin Vega,Bocinas,3,849,0.05,2419.65,1159.65
S00248,2024-03-17,P015,KBT Electronics,Head Unit,1,2199,0.1,1979.1,779.1
S00249,2024-03-17,P019,Soundskins,Accesorios,1,549,0.1,494.1,214.1
S00250,2024-03-18,P005,Rockford Fosgate,Amplificador,2,2899,0.0,5798.0,2598.0
S00251,2024-03-18,P008,Pioneer,Bocinas,2,699,0.0,1398.0,698.0
S00252,2024-03-18,P010,JBL,Subwoofer,1,1999,0.05,1899.05,799.05
S00253,2024-03-18,P011,JBL,Bocinas,2,999,0.0,1998.0,998.0
S00254,2024-03-19,P012,JBL,Amplificador,1,2399,0.0,2399.0,1099.0
S00255,2024-03-19,P019,Soundskins,Accesorios,1,549,0.0,549.0,269.0
S00256,2024-03-19,P020,Soundskins,Accesorios,3,699,0.05,1992.15,942.15
S00257,2024-03-20,P005,Rockford Fosgate,Amplificador,3,2899,0.0,8697.0,3897.0
S00258,2024-03-20,P010,JBL,Subwoofer,2,1999,0.0,3998.0,1798.0
S00259,2024-03-20,P014,Cerwin Vega,Bocinas,2,849,0.0,1698.0,858.0
S00260,2024-03-21,P006,Rockford Fosgate,Subwoofer,3,2599,0.0,7797.0,3597.0
S00261,2024-03-22,P008,Pioneer,Bocinas,1,699,0.0,699.0,349.0
S00262,2024-03-22,P013,Cerwin Vega,Subwoofer,3,1799,0.0,5397.0,2547.0
S00263,2024-03-22,P014,Cerwin Vega,Bocinas,2,849,0.1,1528.2,688.2
S00264,2024-03-22,P017,Stinger,Accesorios,3,349,0.1,942.3,402.3
S00265,2024-03-22,P019,Soundskins,Accesorios,2,549,0.0,1098.0,538.0
S00266,2024-03-23,P001,Memphis Audio,Subwoofer,1,2199,0.0,2199.0,999.0
S00267,2024-03-24,P001,Memphis Audio,Subwoofer,2,2199,0.05,4178.1,1778.1
S00268,2024-03-24,P002,Memphis Audio,Amplificador,1,3299,0.0,3299.0,1499.0
S00269,2024-03-24,P003,Memphis Audio,Amplificador,3,4499,0.1,12147.3,4947.3
S00270,2024-03-24,P006,Rockford Fosgate,Subwoofer,2,2599,0.0,5198.0,2398.0
S00271,2024-03-24,P017,Stinger,Accesorios,2,349,0.0,698.0,338.0
S00272,2024-03-24,P018,Stinger,Accesorios,3,249,0.05,709.65,349.65
S00273,2024-03-24,P019,Soundskins,Accesorios,3,549,0.0,1647.0,807.0
S00274,2024-03-25,P002,Memphis Audio,Amplificador,3,3299,0.0,9897.0,4497.0
S00275,2024-03-25,P008,Pioneer,Bocinas,3,699,0.05,1992.15,942.15
S00276,2024-03-25,P015,KBT Electronics,Head Unit,3,2199,0.05,6267.15,2667.15
S00277,2024-03-25,P016,KBT Electronics,Amplificador,3,1799,0.0,5397.0,2547.0
S00278,2024-03-26,P011,JBL,Bocinas,2,999,0.05,1898.1,898.1
S00279,2024-03-26,P020,Soundskins,Accesorios,2,699,0.05,1328.1,628.1
S00280,2024-03-27,P002,Memphis Audio,Amplificador,1,3299,0.0,3299.0,1499.0
S00281,2024-03-27,P003,Memphis Audio,Amplificador,2,4499,0.0,8998.0,4198.0
S00282,2024-03-27,P006,Rockford Fosgate,Subwoofer,3,2599,0.0,7797.0,3597.0
S00283,2024-03-27,P017,Stinger,Accesorios,2,349,0.0,698.0,338.0
S00284,2024-03-28,P003,Memphis Audio,Amplificador,1,4499,0.1,4049.1,1649.1
S00285,2024-03-28,P010,JBL,Subwoofer,3,1999,0.0,5997.0,2697.0
S00286,2024-03-28,P013,Cerwin Vega,Subwoofer,2,1799,0.0,3598.0,1698.0
S00287,2024-03-28,P020,Soundskins,Accesorios,2,699,0.05,1328.1,628.1
S00288,2024-03-29,P007,Pioneer,Head Unit,3,4999,0.0,14997.0,6597.0
S00289,2024-03-29,P010,JBL,Subwoofer,1,1999,0.05,1899.05,799.05
S00290,2024-03-29,P016,KBT Electronics,Amplificador,2,1799,0.05,3418.1,1518.1
S00291,2024-03-29,P019,Soundskins,Accesorios,1,549,0.05,521.55,241.55
S00292,2024-03-30,P003,Memphis Audio,Amplificador,2,4499,0.1,8098.2,3298.2
S00293,2024-03-30,P004,Rockford Fosgate,Subwoofer,3,3999,0.0,11997.0,5397.0
S00294,2024-03-30,P006,Rockford Fosgate,Subwoofer,2,2599,0.05,4938.1,2138.1
S00295,2024-03-30,P014,Cerwin Vega,Bocinas,2,849,0.0,1698.0,858.0
S00296,2024-03-30,P016,KBT Electronics,Amplificador,1,1799,0.05,1709.05,759.05
S00297,2024-03-31,P006,Rockford Fosgate,Subwoofer,1,2599,0.05,2469.05,1069.05
S00298,2024-03-31,P015,KBT Electronics,Head Unit,2,2199,0.1,3958.2,1558.2
S00299,2024-03-31,P017,Stinger,Accesorios,2,349,0.0,698.0,338.0
S00300,2024-04-01,P008,Pioneer,Bocinas,3,699,0.0,2097.0,1047.0
S00301,2024-04-02,P008,Pioneer,Bocinas,3,699,0.05,1992.15,942.15
S00302,2024-04-02,P014,Cerwin Vega,Bocinas,2,849,0.1,1528.2,688.2
S00303,2024-04-02,P017,Stinger,Accesorios,1,349,0.0,349.0,169.0
S00304,2024-04-02,P018,Stinger,Accesorios,3,249,0.0,747.0,387.0
S00305,2024-04-03,P005,Rockford Fosgate,Amplificador,1,2899,0.0,2899.0,1299.0
S00306,2024-04-03,P020,Soundskins,Accesorios,3,699,0.0,2097.0,1047.0
S00307,2024-04-04,P006,Rockford Fosgate,Subwoofer,3,2599,0.05,7407.15,3207.15
S00308,2024-04-04,P010,JBL,Subwoofer,2,1999,0.0,3998.0,1798.0
S00309,2024-04-05,P004,Rockford Fosgate,Subwoofer,3,3999,0.0,11997.0,5397.0
S00310,2024-04-05,P007,Pioneer,Head Unit,1,4999,0.0,4999.0,2199.0
S00311,2024-04-05,P016,KBT Electronics,Amplificador,3,1799,0.05,5127.15,2277.15
S00312,2024-04-06,P009,Pioneer,Subwoofer,1,1699,0.0,1699.0,799.0
S00313,2024-04-06,P010,JBL,Subwoofer,2,1999,0.0,3998.0,1798.0
S00314,2024-04-06,P011,JBL,Bocinas,3,999,0.0,2997.0,1497.0
S00315,2024-04-06,P014,Cerwin Vega,Bocinas,2,849,0.05,1613.1,773.1
S00316,2024-04-07,P002,Memphis Audio,Amplificador,2,3299,0.05,6268.1,2668.1
S00317,2024-04-07,P018,Stinger,Accesorios,1,249,0.0,249.0,129.0
S00318,2024-04-07,P019,Soundskins,Accesorios,2,549,0.0,1098.0,538.0
S00319,2024-04-08,P019,Soundskins,Accesorios,2,549,0.0,1098.0,538.0
S00320,2024-04-09,P001,Memphis Audio,Subwoofer,1,2199,0.0,2199.0,999.0
S00321,2024-04-10,P006,Rockford Fosgate,Subwoofer,2,2599,0.0,5198.0,2398.0
S00322,2024-04-10,P008,Pioneer,Bocinas,1,699,0.0,699.0,349.0
S00323,2024-04-10,P019,Soundskins,Accesorios,3,549,0.0,1647.0,807.0
S00324,2024-04-11,P007,Pioneer,Head Unit,2,4999,0.0,9998.0,4398.0
S00325,2024-04-11,P017,Stinger,Accesorios,2,349,0.0,698.0,338.0
S00326,2024-04-11,P020,Soundskins,Accesorios,3,699,0.05,1992.15,942.15
S00327,2024-04-12,P001,Memphis Audio,Subwoofer,1,2199,0.05,2089.05,889.05
S00328,2024-04-12,P011,JBL,Bocinas,2,999,0.0,1998.0,998.0
S00329,2024-04-12,P012,JBL,Amplificador,3,2399,0.0,7197.0,3297.0
S00330,2024-04-12,P013,Cerwin Vega,Subwoofer,3,1799,0.0,5397.0,2547.0
S00331,2024-04-12,P017,Stinger,Accesorios,1,349,0.0,349.0,169.0
S00332,2024-04-12,P019,Soundskins,Accesorios,3,549,0.0,1647.0,807.0
S00333,2024-04-13,P002,Memphis Audio,Amplificador,2,3299,0.0,6598.0,2998.0
S00334,2024-04-13,P005,Rockford Fosgate,Amplificador,1,2899,0.0,2899.0,1299.0
S00335,2024-04-13,P008,Pioneer,Bocinas,2,699,0.0,1398.0,698.0
S00336,2024-04-13,P010,JBL,Subwoofer,1,1999,0.0,1999.0,899.0
S00337,2024-04-13,P011,JBL,Bocinas,3,999,0.0,2997.0,1497.0
S00338,2024-04-13,P013,Cerwin Vega,Subwoofer,2,1799,0.0,3598.0,1698.0
S00339,2024-04-13,P019,Soundskins,Accesorios,1,549,0.0,549.0,269.0
S00340,2024-04-14,P005,Rockford Fosgate,Amplificador,2,2899,0.0,5798.0,2598.0
S00341,2024-04-14,P011,JBL,Bocinas,3,999,0.0,2997.0,1497.0
S00342,2024-04-14,P014,Cerwin Vega,Bocinas,2,849,0.0,1698.0,858.0
S00343,2024-04-14,P018,Stinger,Accesorios,2,249,0.0,498.0,258.0
S00344,2024-04-14,P019,Soundskins,Accesorios,3,549,0.1,1482.3,642.3
S00345,2024-04-14,P020,Soundskins,Accesorios,1,699,0.0,699.0,349.0
S00346,2024-04-15,P002,Memphis Audio,Amplificador,3,3299,0.05,9402.15,4002.15
S00347,2024-04-15,P008,Pioneer,Bocinas,1,699,0.0,699.0,349.0
S00348,2024-04-15,P010,JBL,Subwoofer,1,1999,0.05,1899.05,799.05
S00349,2024-04-15,P016,KBT Electronics,Amplificador,3,1799,0.1,4857.3,2007.3
S00350,2024-04-16,P008,Pioneer,Bocinas,3,699,0.05,1992.15,942.15
S00351,2024-04-16,P011,JBL,Bocinas,1,999,0.05,949.05,449.05
S00352,2024-04-16,P012,JBL,Amplificador,3,2399,0.1,6477.3,2577.3
S00353,2024-04-16,P013,Cerwin Vega,Subwoofer,3,1799,0.0,5397.0,2547.0
S00354,2024-04-16,P014,Cerwin Vega,Bocinas,3,849,0.0,2547.0,1287.0
S00355,2024-04-17,P002,Memphis Audio,Amplificador,2,3299,0.0,6598.0,2998.0
S00356,2024-04-17,P004,Rockford Fosgate,Subwoofer,2,3999,0.0,7998.0,3598.0
S00357,2024-04-17,P011,JBL,Bocinas,3,999,0.0,2997.0,1497.0
S00358,2024-04-17,P014,Cerwin Vega,Bocinas,3,849,0.0,2547.0,1287.0
S00359,2024-04-17,P017,Stinger,Accesorios,1,349,0.0,349.0,169.0
S00360,2024-04-17,P018,Stinger,Accesorios,2,249,0.05,473.1,233.1
S00361,2024-04-17,P020,Soundskins,Accesorios,1,699,0.1,629.1,279.1
S00362,2024-04-18,P010,JBL,Subwoofer,3,1999,0.0,5997.0,2697.0
S00363,2024-04-18,P011,JBL,Bocinas,3,999,0.0,2997.0,1497.0
S00364,2024-04-18,P013,Cerwin Vega,Subwoofer,2,1799,0.0,3598.0,1698.0
S00365,2024-04-18,P016,KBT Electronics,Amplificador,2,1799,0.0,3598.0,1698.0
S00366,2024-04-19,P009,Pioneer,Subwoofer,2,1699,0.0,3398.0,1598.0
S00367,2024-04-19,P015,KBT Electronics,Head Unit,3,2199,0.05,6267.15,2667.15
S00368,2024-04-19,P018,Stinger,Accesorios,3,249,0.0,747.0,387.0
S00369,2024-04-20,P002,Memphis Audio,Amplificador,2,3299,0.0,6598.0,2998.0
S00370,2024-04-20,P003,Memphis Audio,Amplificador,1,4499,0.1,4049.1,1649.1
S00371,2024-04-20,P013,Cerwin Vega,Subwoofer,3,1799,0.0,5397.0,2547.0
S00372,2024-04-21,P002,Memphis Audio,Amplificador,1,3299,0.0,3299.0,1499.0
S00373,2024-04-21,P005,Rockford Fosgate,Amplificador,1,2899,0.05,2754.05,1154.05
S00374,2024-04-21,P010,JBL,Subwoofer,2,1999,0.05,3798.1,1598.1
S00375,2024-04-21,P012,JBL,Amplificador,1,2399,0.0,2399.0,1099.0
S00376,2024-04-21,P015,KBT Electronics,Head Unit,2,2199,0.0,4398.0,1998.0
S00377,2024-04-21,P016,KBT Electronics,Amplificador,1,1799,0.0,1799.0,849.0
S00378,2024-04-21,P018,Stinger,Accesorios,2,249,0.0,498.0,258.0
S00379,2024-04-21,P020,Soundskins,Accesorios,2,699,0.05,1328.1,628.1
S00380,2024-04-22,P003,Memphis Audio,Amplificador,1,4499,0.0,4499.0,2099.0
S00381,2024-04-22,P004,Rockford Fosgate,Subwoofer,1,3999,0.0,3999.0,1799.0
S00382,2024-04-22,P005,Rockford Fosgate,Amplificador,2,2899,0.0,5798.0,2598.0
S00383,2024-04-22,P008,Pioneer,Bocinas,3,699,0.0,2097.0,1047.0
S00384,2024-04-22,P010,JBL,Subwoofer,1,1999,0.0,1999.0,899.0
S00385,2024-04-22,P013,Cerwin Vega,Subwoofer,2,1799,0.0,3598.0,1698.0
S00386,2024-04-22,P014,Cerwin Vega,Bocinas,2,849,0.0,1698.0,858.0
S00387,2024-04-22,P019,Soundskins,Accesorios,3,549,0.05,1564.65,724.65
S00388,2024-04-22,P020,Soundskins,Accesorios,1,699,0.0,699.0,349.0
S00389,2024-04-23,P010,JBL,Subwoofer,2,1999,0.0,3998.0,1798.0
S00390,2024-04-23,P017,Stinger,Accesorios,2,349,0.0,698.0,338.0
S00391,2024-04-24,P004,Rockford Fosgate,Subwoofer,3,3999,0.0,11997.0,5397.0
S00392,2024-04-24,P005,Rockford Fosgate,Amplificador,2,2899,0.0,5798.0,2598.0
S00393,2024-04-24,P011,JBL,Bocinas,1,999,0.0,999.0,499.0
S00394,2024-04-24,P015,KBT Electronics,Head Unit,1,2199,0.1,1979.1,779.1
S00395,2024-04-25,P006,Rockford Fosgate,Subwoofer,3,2599,0.0,7797.0,3597.0
S00396,2024-04-25,P016,KBT Electronics,Amplificador,1,1799,0.1,1619.1,669.1
S00397,2024-04-25,P019,Soundskins,Accesorios,3,549,0.0,1647.0,807.0
S00398,2024-04-26,P005,Rockford Fosgate,Amplificador,1,2899,0.1,2609.1,1009.1
S00399,2024-04-26,P008,Pioneer,Bocinas,3,699,0.0,2097.0,1047.0
S00400,2024-04-26,P013,Cerwin Vega,Subwoofer,2,1799,0.0,3598.0,1698.0
S00401,2024-04-26,P014,Cerwin Vega,Bocinas,1,849,0.05,806.55,386.55
S00402,2024-04-26,P018,Stinger,Accesorios,3,249,0.1,672.3,312.3
S00403,2024-04-27,P002,Memphis Audio,Amplificador,2,3299,0.0,6598.0,2998.0
S00404,2024-04-27,P003,Memphis Audio,Amplificador,3,4499,0.0,13497.0,6297.0
S00405,2024-04-27,P009,Pioneer,Subwoofer,3,1699,0.0,5097.0,2397.0
S00406,2024-04-27,P017,Stinger,Accesorios,2,349,0.0,698.0,338.0
S00407,2024-04-28,P004,Rockford Fosgate,Subwoofer,1,3999,0.0,3999.0,1799.0
S00408,2024-04-28,P009,Pioneer,Subwoofer,2,1699,0.05,3228.1,1428.1
S00409,2024-04-28,P015,KBT Electronics,Head Unit,2,2199,0.1,3958.2,1558.2
S00410,2024-04-28,P018,Stinger,Accesorios,1,249,0.0,249.0,129.0
S00411,2024-04-29,P002,Memphis Audio,Amplificador,1,3299,0.05,3134.05,1334.05
S00412,2024-04-29,P004,Rockford Fosgate,Subwoofer,1,3999,0.0,3999.0,1799.0
S00413,2024-04-29,P008,Pioneer,Bocinas,3,699,0.0,2097.0,1047.0
S00414,2024-04-29,P011,JBL,Bocinas,2,999,0.0,1998.0,998.0
S00415,2024-04-29,P019,Soundskins,Accesorios,2,549,0.1,988.2,428.2
S00416,2024-04-30,P002,Memphis Audio,Amplificador,1,3299,0.05,3134.05,1334.05
S00417,2024-04-30,P003,Memphis Audio,Amplificador,3,4499,0.1,12147.3,4947.3
S00418,2024-04-30,P005,Rockford Fosgate,Amplificador,1,2899,0.0,2899.0,1299.0
S00419,2024-04-30,P009,Pioneer,Subwoofer,2,1699,0.05,3228.1,1428.1
S00420,2024-04-30,P012,JBL,Amplificador,3,2399,0.05,6837.15,2937.15
S00421,2024-05-01,P001,Memphis Audio,Subwoofer,3,2199,0.0,6597.0,2997.0
S00422,2024-05-01,P002,Memphis Audio,Amplificador,2,3299,0.1,5938.2,2338.2
S00423,2024-05-01,P006,Rockford Fosgate,Subwoofer,2,2599,0.1,4678.2,1878.2
S00424,2024-05-01,P013,Cerwin Vega,Subwoofer,3,1799,0.0,5397.0,2547.0
S00425,2024-05-01,P019,Soundskins,Accesorios,2,549,0.0,1098.0,538.0
S00426,2024-05-02,P004,Rockford Fosgate,Subwoofer,1,3999,0.05,3799.05,1599.05
S00427,2024-05-02,P012,JBL,Amplificador,3,2399,0.05,6837.15,2937.15
S00428,2024-05-02,P017,Stinger,Accesorios,3,349,0.1,942.3,402.3
S00429,2024-05-02,P020,Soundskins,Accesorios,1,699,0.0,699.0,349.0
S00430,2024-05-03,P004,Rockford Fosgate,Subwoofer,1,3999,0.1,3599.1,1399.1
S00431,2024-05-04,P002,Memphis Audio,Amplificador,2,3299,0.0,6598.0,2998.0
S00432,2024-05-04,P004,Rockford Fosgate,Subwoofer,2,3999,0.0,7998.0,3598.0
S00433,2024-05-04,P008,Pioneer,Bocinas,1,699,0.0,699.0,349.0
S00434,2024-05-04,P015,KBT Electronics,Head Unit,2,2199,0.0,4398.0,1998.0
S00435,2024-05-05,P001,Memphis Audio,Subwoofer,1,2199,0.0,2199.0,999.0
S00436,2024-05-05,P004,Rockford Fosgate,Subwoofer,3,3999,0.1,10797.3,4197.3
S00437,2024-05-05,P005,Rockford Fosgate,Amplificador,1,2899,0.0,2899.0,1299.0
S00438,2024-05-05,P015,KBT Electronics,Head Unit,1,2199,0.0,2199.0,999.0
S00439,2024-05-05,P018,Stinger,Accesorios,2,249,0.1,448.2,208.2
S00440,2024-05-06,P004,Rockford Fosgate,Subwoofer,1,3999,0.05,3799.05,1599.05
S00441,2024-05-06,P005,Rockford Fosgate,Amplificador,3,2899,0.0,8697.0,3897.0
S00442,2024-05-06,P011,JBL,Bocinas,3,999,0.0,2997.0,1497.0
S00443,2024-05-06,P013,Cerwin Vega,Subwoofer,1,1799,0.1,1619.1,669.1
S00444,2024-05-07,P009,Pioneer,Subwoofer,3,1699,0.0,5097.0,2397.0
S00445,2024-05-08,P005,Rockford Fosgate,Amplificador,3,2899,0.05,8262.15,3462.15
S00446,2024-05-08,P014,Cerwin Vega,Bocinas,3,849,0.1,2292.3,1032.3
S00447,2024-05-10,P004,Rockford Fosgate,Subwoofer,1,3999,0.1,3599.1,1399.1
S00448,2024-05-10,P009,Pioneer,Subwoofer,3,1699,0.05,4842.15,2142.15
S00449,2024-05-10,P013,Cerwin Vega,Subwoofer,1,1799,0.0,1799.0,849.0
S00450,2024-05-11,P005,Rockford Fosgate,Amplificador,2,2899,0.0,5798.0,2598.0
S00451,2024-05-11,P011,JBL,Bocinas,3,999,0.05,2847.15,1347.15
S00452,2024-05-11,P016,KBT Electronics,Amplificador,1,1799,0.0,1799.0,849.0
S00453,2024-05-12,P001,Memphis Audio,Subwoofer,1,2199,0.0,2199.0,999.0
S00454,2024-05-12,P005,Rockford Fosgate,Amplificador,3,2899,0.1,7827.3,3027.3
S00455,2024-05-12,P007,Pioneer,Head Unit,1,4999,0.0,4999.0,2199.0
S00456,2024-05-12,P014,Cerwin Vega,Bocinas,2,849,0.0,1698.0,858.0
S00457,2024-05-12,P016,KBT Electronics,Amplificador,2,1799,0.0,3598.0,1698.0
S00458,2024-05-12,P017,Stinger,Accesorios,3,349,0.0,1047.0,507.0
S00459,2024-05-12,P018,Stinger,Accesorios,1,249,0.1,224.1,104.1
S00460,2024-05-12,P020,Soundskins,Accesorios,3,699,0.0,2097.0,1047.0
S00461,2024-05-13,P006,Rockford Fosgate,Subwoofer,1,2599,0.0,2599.0,1199.0
S00462,2024-05-13,P007,Pioneer,Head Unit,1,4999,0.05,4749.05,1949.05
S00463,2024-05-13,P009,Pioneer,Subwoofer,2,1699,0.05,3228.1,1428.1
S00464,2024-05-13,P013,Cerwin Vega,Subwoofer,2,1799,0.0,3598.0,1698.0
S00465,2024-05-13,P017,Stinger,Accesorios,1,349,0.1,314.1,134.1
S00466,2024-05-13,P019,Soundskins,Accesorios,1,549,0.0,549.0,269.0
S00467,2024-05-14,P013,Cerwin Vega,Subwoofer,1,1799,0.0,1799.0,849.0
S00468,2024-05-14,P017,Stinger,Accesorios,3,349,0.0,1047.0,507.0
S00469,2024-05-14,P019,Soundskins,Accesorios,2,549,0.0,1098.0,538.0
S00470,2024-05-15,P003,Memphis Audio,Amplificador,1,4499,0.0,4499.0,2099.0
S00471,2024-05-15,P008,Pioneer,Bocinas,1,699,0.0,699.0,349.0
S00472,2024-05-15,P011,JBL,Bocinas,2,999,0.05,1898.1,898.1
S00473,2024-05-15,P017,Stinger,Accesorios,2,349,0.05,663.1,303.1
S00474,2024-05-16,P004,Rockford Fosgate,Subwoofer,3,3999,0.0,11997.0,5397.0
S00475,2024-05-17,P003,Memphis Audio,Amplificador,3,4499,0.0,13497.0,6297.0
S00476,2024-05-17,P004,Rockford Fosgate,Subwoofer,3,3999,0.1,10797.3,4197.3
S00477,2024-05-17,P013,Cerwin Vega,Subwoofer,3,1799,0.0,5397.0,2547.0
S00478,2024-05-17,P017,Stinger,Accesorios,3,349,0.1,942.3,402.3
S00479,2024-05-17,P018,Stinger,Accesorios,3,249,0.0,747.0,387.0
S00480,2024-05-18,P002,Memphis Audio,Amplificador,2,3299,0.0,6598.0,2998.0
S00481,2024-05-18,P005,Rockford Fosgate,Amplificador,1,2899,0.1,2609.1,1009.1
S00482,2024-05-18,P014,Cerwin Vega,Bocinas,2,849,0.0,1698.0,858.0
S00483,2024-05-18,P015,KBT Electronics,Head Unit,2,2199,0.0,4398.0,1998.0
S00484,2024-05-18,P017,Stinger,Accesorios,1,349,0.1,314.1,134.1
S00485,2024-05-19,P014,Cerwin Vega,Bocinas,3,849,0.0,2547.0,1287.0
S00486,2024-05-19,P015,KBT Electronics,Head Unit,2,2199,0.0,4398.0,1998.0
S00487,2024-05-19,P018,Stinger,Accesorios,1,249,0.05,236.55,116.55
S00488,2024-05-19,P019,Soundskins,Accesorios,3,549,0.05,1564.65,724.65
S00489,2024-05-19,P020,Soundskins,Accesorios,3,699,0.0,2097.0,1047.0
S00490,2024-05-20,P019,Soundskins,Accesorios,2,549,0.1,988.2,428.2
S00491,2024-05-21,P006,Rockford Fosgate,Subwoofer,2,2599,0.1,4678.2,1878.2
S00492,2024-05-21,P018,Stinger,Accesorios,3,249,0.1,672.3,312.3
S00493,2024-05-22,P016,KBT Electronics,Amplificador,2,1799,0.1,3238.2,1338.2
S00494,2024-05-23,P007,Pioneer,Head Unit,1,4999,0.0,4999.0,2199.0
S00495,2024-05-23,P011,JBL,Bocinas,2,999,0.0,1998.0,998.0
S00496,2024-05-23,P013,Cerwin Vega,Subwoofer,2,1799,0.0,3598.0,1698.0
S00497,2024-05-23,P015,KBT Electronics,Head Unit,2,2199,0.0,4398.0,1998.0
S00498,2024-05-24,P006,Rockford Fosgate,Subwoofer,2,2599,0.05,4938.1,2138.1
S00499,2024-05-24,P011,JBL,Bocinas,3,999,0.0,2997.0,1497.0
S00500,2024-05-25,P004,Rockford Fosgate,Subwoofer,2,3999,0.0,7998.0,3598.0
S00501,2024-05-25,P006,Rockford Fosgate,Subwoofer,1,2599,0.1,2339.1,939.1
S00502,2024-05-25,P007,Pioneer,Head Unit,1,4999,0.05,4749.05,1949.05
S00503,2024-05-25,P010,JBL,Subwoofer,2,1999,0.0,3998.0,1798.0
S00504,2024-05-25,P013,Cerwin Vega,Subwoofer,1,1799,0.0,1799.0,849.0
S00505,2024-05-26,P001,Memphis Audio,Subwoofer,3,2199,0.0,6597.0,2997.0
S00506,2024-05-26,P006,Rockford Fosgate,Subwoofer,3,2599,0.1,7017.3,2817.3
S00507,2024-05-26,P019,Soundskins,Accesorios,2,549,0.05,1043.1,483.1
S00508,2024-05-26,P020,Soundskins,Accesorios,3,699,0.1,1887.3,837.3
S00509,2024-05-27,P003,Memphis Audio,Amplificador,2,4499,0.05,8548.1,3748.1
S00510,2024-05-27,P014,Cerwin Vega,Bocinas,3,849,0.0,2547.0,1287.0
S00511,2024-05-27,P016,KBT Electronics,Amplificador,1,1799,0.0,1799.0,849.0
S00512,2024-05-28,P012,JBL,Amplificador,3,2399,0.0,7197.0,3297.0
S00513,2024-05-28,P013,Cerwin Vega,Subwoofer,3,1799,0.0,5397.0,2547.0
S00514,2024-05-28,P014,Cerwin Vega,Bocinas,1,849,0.0,849.0,429.0
S00515,2024-05-28,P017,Stinger,Accesorios,1,349,0.0,349.0,169.0
S00516,2024-05-29,P003,Memphis Audio,Amplificador,1,4499,0.1,4049.1,1649.1
S00517,2024-05-29,P004,Rockford Fosgate,Subwoofer,3,3999,0.1,10797.3,4197.3
S00518,2024-05-29,P005,Rockford Fosgate,Amplificador,1,2899,0.0,2899.0,1299.0
S00519,2024-05-29,P010,JBL,Subwoofer,2,1999,0.05,3798.1,1598.1
S00520,2024-05-29,P020,Soundskins,Accesorios,3,699,0.0,2097.0,1047.0
S00521,2024-05-30,P002,Memphis Audio,Amplificador,3,3299,0.0,9897.0,4497.0
S00522,2024-05-30,P003,Memphis Audio,Amplificador,1,4499,0.1,4049.1,1649.1
S00523,2024-05-30,P014,Cerwin Vega,Bocinas,1,849,0.1,764.1,344.1
S00524,2024-05-30,P017,Stinger,Accesorios,3,349,0.0,1047.0,507.0
S00525,2024-05-31,P004,Rockford Fosgate,Subwoofer,1,3999,0.0,3999.0,1799.0
S00526,2024-05-31,P008,Pioneer,Bocinas,3,699,0.0,2097.0,1047.0
S00527,2024-05-31,P009,Pioneer,Subwoofer,3,1699,0.0,5097.0,2397.0
S00528,2024-05-31,P020,Soundskins,Accesorios,1,699,0.0,699.0,349.0
S00529,2024-06-01,P011,JBL,Bocinas,3,999,0.1,2697.3,1197.3
S00530,2024-06-01,P012,JBL,Amplificador,2,2399,0.0,4798.0,2198.0
S00531,2024-06-01,P014,Cerwin Vega,Bocinas,3,849,0.0,2547.0,1287.0
S00532,2024-06-02,P003,Memphis Audio,Amplificador,2,4499,0.1,8098.2,3298.2
S00533,2024-06-02,P007,Pioneer,Head Unit,2,4999,0.0,9998.0,4398.0
S00534,2024-06-02,P011,JBL,Bocinas,3,999,0.1,2697.3,1197.3
S00535,2024-06-02,P012,JBL,Amplificador,2,2399,0.1,4318.2,1718.2
S00536,2024-06-02,P013,Cerwin Vega,Subwoofer,1,1799,0.1,1619.1,669.1
S00537,2024-06-02,P016,KBT Electronics,Amplificador,1,1799,0.0,1799.0,849.0
S00538,2024-06-02,P020,Soundskins,Accesorios,3,699,0.05,1992.15,942.15
S00539,2024-06-03,P002,Memphis Audio,Amplificador,2,3299,0.0,6598.0,2998.0
S00540,2024-06-03,P003,Memphis Audio,Amplificador,2,4499,0.0,8998.0,4198.0
S00541,2024-06-03,P004,Rockford Fosgate,Subwoofer,1,3999,0.1,3599.1,1399.1
S00542,2024-06-03,P009,Pioneer,Subwoofer,3,1699,0.0,5097.0,2397.0
S00543,2024-06-03,P010,JBL,Subwoofer,3,1999,0.0,5997.0,2697.0
S00544,2024-06-03,P014,Cerwin Vega,Bocinas,3,849,0.05,2419.65,1159.65
S00545,2024-06-04,P008,Pioneer,Bocinas,1,699,0.0,699.0,349.0
S00546,2024-06-04,P009,Pioneer,Subwoofer,3,1699,0.0,5097.0,2397.0
S00547,2024-06-04,P011,JBL,Bocinas,2,999,0.1,1798.2,798.2
S00548,2024-06-04,P013,Cerwin Vega,Subwoofer,1,1799,0.05,1709.05,759.05
S00549,2024-06-04,P018,Stinger,Accesorios,1,249,0.05,236.55,116.55
S00550,2024-06-04,P019,Soundskins,Accesorios,1,549,0.0,549.0,269.0
S00551,2024-06-05,P001,Memphis Audio,Subwoofer,3,2199,0.1,5937.3,2337.3
S00552,2024-06-05,P002,Memphis Audio,Amplificador,3,3299,0.0,9897.0,4497.0
S00553,2024-06-05,P003,Memphis Audio,Amplificador,2,4499,0.0,8998.0,4198.0
S00554,2024-06-05,P018,Stinger,Accesorios,3,249,0.0,747.0,387.0
S00555,2024-06-06,P001,Memphis Audio,Subwoofer,3,2199,0.0,6597.0,2997.0
S00556,2024-06-06,P004,Rockford Fosgate,Subwoofer,2,3999,0.05,7598.1,3198.1
S00557,2024-06-06,P005,Rockford Fosgate,Amplificador,1,2899,0.0,2899.0,1299.0
S00558,2024-06-06,P011,JBL,Bocinas,3,999,0.1,2697.3,1197.3
S00559,2024-06-06,P012,JBL,Amplificador,3,2399,0.1,6477.3,2577.3
S00560,2024-06-06,P014,Cerwin Vega,Bocinas,3,849,0.0,2547.0,1287.0
S00561,2024-06-06,P017,Stinger,Accesorios,3,349,0.05,994.65,454.65
S00562,2024-06-06,P020,Soundskins,Accesorios,3,699,0.05,1992.15,942.15
S00563,2024-06-07,P009,Pioneer,Subwoofer,1,1699,0.0,1699.0,799.0
S00564,2024-06-07,P020,Soundskins,Accesorios,1,699,0.05,664.05,314.05
S00565,2024-06-08,P005,Rockford Fosgate,Amplificador,3,2899,0.1,7827.3,3027.3
S00566,2024-06-08,P018,Stinger,Accesorios,2,249,0.1,448.2,208.2
S00567,2024-06-09,P008,Pioneer,Bocinas,2,699,0.0,1398.0,698.0
S00568,2024-06-09,P012,JBL,Amplificador,2,2399,0.0,4798.0,2198.0
S00569,2024-06-09,P017,Stinger,Accesorios,2,349,0.0,698.0,338.0
S00570,2024-06-10,P006,Rockford Fosgate,Subwoofer,1,2599,0.05,2469.05,1069.05
S00571,2024-06-10,P008,Pioneer,Bocinas,3,699,0.1,1887.3,837.3
S00572,2024-06-10,P010,JBL,Subwoofer,3,1999,0.1,5397.3,2097.3
S00573,2024-06-10,P013,Cerwin Vega,Subwoofer,1,1799,0.0,1799.0,849.0
S00574,2024-06-10,P015,KBT Electronics,Head Unit,1,2199,0.0,2199.0,999.0
S00575,2024-06-11,P003,Memphis Audio,Amplificador,1,4499,0.1,4049.1,1649.1
S00576,2024-06-11,P011,JBL,Bocinas,2,999,0.1,1798.2,798.2
S00577,2024-06-11,P012,JBL,Amplificador,1,2399,0.05,2279.05,979.05
S00578,2024-06-11,P017,Stinger,Accesorios,3,349,0.0,1047.0,507.0
S00579,2024-06-12,P010,JBL,Subwoofer,1,1999,0.0,1999.0,899.0
S00580,2024-06-12,P011,JBL,Bocinas,3,999,0.0,2997.0,1497.0
S00581,2024-06-12,P017,Stinger,Accesorios,2,349,0.0,698.0,338.0
S00582,2024-06-13,P020,Soundskins,Accesorios,1,699,0.05,664.05,314.05
S00583,2024-06-14,P004,Rockford Fosgate,Subwoofer,2,3999,0.0,7998.0,3598.0
S00584,2024-06-14,P016,KBT Electronics,Amplificador,2,1799,0.05,3418.1,1518.1
S00585,2024-06-14,P018,Stinger,Accesorios,2,249,0.05,473.1,233.1
S00586,2024-06-15,P002,Memphis Audio,Amplificador,3,3299,0.05,9402.15,4002.15
S00587,2024-06-15,P004,Rockford Fosgate,Subwoofer,3,3999,0.0,11997.0,5397.0
S00588,2024-06-15,P006,Rockford Fosgate,Subwoofer,2,2599,0.1,4678.2,1878.2
S00589,2024-06-15,P008,Pioneer,Bocinas,2,699,0.0,1398.0,698.0
S00590,2024-06-15,P012,JBL,Amplificador,2,2399,0.0,4798.0,2198.0
S00591,2024-06-16,P006,Rockford Fosgate,Subwoofer,3,2599,0.0,7797.0,3597.0
S00592,2024-06-16,P008,Pioneer,Bocinas,2,699,0.05,1328.1,628.1
S00593,2024-06-16,P009,Pioneer,Subwoofer,3,1699,0.1,4587.3,1887.3
S00594,2024-06-16,P015,KBT Electronics,Head Unit,1,2199,0.0,2199.0,999.0
S00595,2024-06-16,P016,KBT Electronics,Amplificador,2,1799,0.05,3418.1,1518.1
S00596,2024-06-16,P018,Stinger,Accesorios,3,249,0.0,747.0,387.0
S00597,2024-06-16,P019,Soundskins,Accesorios,2,549,0.1,988.2,428.2
S00598,2024-06-17,P016,KBT Electronics,Amplificador,3,1799,0.0,5397.0,2547.0
S00599,2024-06-18,P006,Rockford Fosgate,Subwoofer,2,2599,0.0,5198.0,2398.0
S00600,2024-06-18,P018,Stinger,Accesorios,1,249,0.0,249.0,129.0
S00601,2024-06-19,P003,Memphis Audio,Amplificador,1,4499,0.05,4274.05,1874.05
S00602,2024-06-19,P004,Rockford Fosgate,Subwoofer,1,3999,0.05,3799.05,1599.05
S00603,2024-06-19,P006,Rockford Fosgate,Subwoofer,2,2599,0.1,4678.2,1878.2
S00604,2024-06-19,P008,Pioneer,Bocinas,2,699,0.1,1258.2,558.2
S00605,2024-06-19,P009,Pioneer,Subwoofer,3,1699,0.05,4842.15,2142.15
S00606,2024-06-19,P014,Cerwin Vega,Bocinas,1,849,0.0,849.0,429.0
S00607,2024-06-19,P015,KBT Electronics,Head Unit,2,2199,0.0,4398.0,1998.0
S00608,2024-06-20,P001,Memphis Audio,Subwoofer,3,2199,0.1,5937.3,2337.3
S00609,2024-06-20,P017,Stinger,Accesorios,1,349,0.0,349.0,169.0
S00610,2024-06-21,P009,Pioneer,Subwoofer,3,1699,0.05,4842.15,2142.15
S00611,2024-06-21,P011,JBL,Bocinas,3,999,0.05,2847.15,1347.15
S00612,2024-06-21,P014,Cerwin Vega,Bocinas,3,849,0.0,2547.0,1287.0
S00613,2024-06-22,P003,Memphis Audio,Amplificador,1,4499,0.0,4499.0,2099.0
S00614,2024-06-22,P004,Rockford Fosgate,Subwoofer,1,3999,0.05,3799.05,1599.05
S00615,2024-06-22,P008,Pioneer,Bocinas,1,699,0.0,699.0,349.0
S00616,2024-06-22,P009,Pioneer,Subwoofer,3,1699,0.0,5097.0,2397.0
S00617,2024-06-22,P010,JBL,Subwoofer,1,1999,0.0,1999.0,899.0
S00618,2024-06-22,P014,Cerwin Vega,Bocinas,1,849,0.0,849.0,429.0
S00619,2024-06-22,P017,Stinger,Accesorios,2,349,0.0,698.0,338.0
S00620,2024-06-23,P003,Memphis Audio,Amplificador,2,4499,0.0,8998.0,4198.0
S00621,2024-06-23,P005,Rockford Fosgate,Amplificador,2,2899,0.05,5508.1,2308.1
S00622,2024-06-23,P007,Pioneer,Head Unit,3,4999,0.0,14997.0,6597.0
S00623,2024-06-23,P012,JBL,Amplificador,3,2399,0.0,7197.0,3297.0
S00624,2024-06-23,P017,Stinger,Accesorios,2,349,0.0,698.0,338.0
S00625,2024-06-23,P019,Soundskins,Accesorios,3,549,0.1,1482.3,642.3
S00626,2024-06-23,P020,Soundskins,Accesorios,2,699,0.0,1398.0,698.0
S00627,2024-06-24,P005,Rockford Fosgate,Amplificador,3,2899,0.05,8262.15,3462.15
S00628,2024-06-24,P009,Pioneer,Subwoofer,1,1699,0.0,1699.0,799.0
S00629,2024-06-24,P014,Cerwin Vega,Bocinas,1,849,0.0,849.0,429.0
S00630,2024-06-24,P016,KBT Electronics,Amplificador,3,1799,0.0,5397.0,2547.0
S00631,2024-06-24,P020,Soundskins,Accesorios,3,699,0.0,2097.0,1047.0
S00632,2024-06-25,P003,Memphis Audio,Amplificador,1,4499,0.0,4499.0,2099.0
S00633,2024-06-25,P012,JBL,Amplificador,1,2399,0.05,2279.05,979.05
S00634,2024-06-26,P004,Rockford Fosgate,Subwoofer,3,3999,0.0,11997.0,5397.0
S00635,2024-06-26,P017,Stinger,Accesorios,3,349,0.05,994.65,454.65
S00636,2024-06-26,P018,Stinger,Accesorios,3,249,0.05,709.65,349.65
S00637,2024-06-26,P020,Soundskins,Accesorios,2,699,0.0,1398.0,698.0
S00638,2024-06-27,P003,Memphis Audio,Amplificador,3,4499,0.0,13497.0,6297.0
S00639,2024-06-27,P004,Rockford Fosgate,Subwoofer,1,3999,0.0,3999.0,1799.0
S00640,2024-06-27,P008,Pioneer,Bocinas,3,699,0.05,1992.15,942.15
S00641,2024-06-27,P015,KBT Electronics,Head Unit,1,2199,0.05,2089.05,889.05
S00642,2024-06-28,P005,Rockford Fosgate,Amplificador,3,2899,0.0,8697.0,3897.0
S00643,2024-06-28,P009,Pioneer,Subwoofer,1,1699,0.1,1529.1,629.1
S00644,2024-06-28,P010,JBL,Subwoofer,3,1999,0.0,5997.0,2697.0
S00645,2024-06-28,P019,Soundskins,Accesorios,3,549,0.1,1482.3,642.3
S00646,2024-06-29,P004,Rockford Fosgate,Subwoofer,1,3999,0.1,3599.1,1399.1
S00647,2024-06-29,P020,Soundskins,Accesorios,3,699,0.0,2097.0,1047.0
S00648,2024-06-30,P004,Rockford Fosgate,Subwoofer,1,3999,0.0,3999.0,1799.0
S00649,2024-06-30,P010,JBL,Subwoofer,2,1999,0.0,3998.0,1798.0
S00650,2024-06-30,P018,Stinger,Accesorios,2,249,0.0,498.0,258.0
S00651,2024-06-30,P019,Soundskins,Accesorios,2,549,0.0,1098.0,538.0
S00652,2024-07-01,P007,Pioneer,Head Unit,2,4999,0.05,9498.1,3898.1
S00653,2024-07-01,P008,Pioneer,Bocinas,3,699,0.1,1887.3,837.3
S00654,2024-07-01,P010,JBL,Subwoofer,3,1999,0.0,5997.0,2697.0
S00655,2024-07-01,P011,JBL,Bocinas,3,999,0.05,2847.15,1347.15
S00656,2024-07-01,P012,JBL,Amplificador,1,2399,0.0,2399.0,1099.0
S00657,2024-07-01,P018,Stinger,Accesorios,3,249,0.1,672.3,312.3
S00658,2024-07-02,P002,Memphis Audio,Amplificador,3,3299,0.0,9897.0,4497.0
S00659,2024-07-02,P013,Cerwin Vega,Subwoofer,2,1799,0.0,3598.0,1698.0
S00660,2024-07-03,P017,Stinger,Accesorios,2,349,0.05,663.1,303.1
S00661,2024-07-03,P019,Soundskins,Accesorios,2,549,0.1,988.2,428.2
S00662,2024-07-04,P011,JBL,Bocinas,3,999,0.0,2997.0,1497.0
S00663,2024-07-04,P012,JBL,Amplificador,1,2399,0.0,2399.0,1099.0
S00664,2024-07-04,P017,Stinger,Accesorios,3,349,0.0,1047.0,507.0
S00665,2024-07-05,P014,Cerwin Vega,Bocinas,1,849,0.1,764.1,344.1
S00666,2024-07-05,P018,Stinger,Accesorios,3,249,0.0,747.0,387.0
S00667,2024-07-06,P002,Memphis Audio,Amplificador,2,3299,0.05,6268.1,2668.1
S00668,2024-07-06,P006,Rockford Fosgate,Subwoofer,2,2599,0.05,4938.1,2138.1
S00669,2024-07-06,P009,Pioneer,Subwoofer,3,1699,0.05,4842.15,2142.15
S00670,2024-07-06,P012,JBL,Amplificador,3,2399,0.0,7197.0,3297.0
S00671,2024-07-06,P019,Soundskins,Accesorios,3,549,0.0,1647.0,807.0
S00672,2024-07-07,P005,Rockford Fosgate,Amplificador,3,2899,0.0,8697.0,3897.0
S00673,2024-07-07,P006,Rockford Fosgate,Subwoofer,2,2599,0.05,4938.1,2138.1
S00674,2024-07-07,P008,Pioneer,Bocinas,2,699,0.1,1258.2,558.2
S00675,2024-07-07,P014,Cerwin Vega,Bocinas,2,849,0.1,1528.2,688.2
S00676,2024-07-07,P017,Stinger,Accesorios,1,349,0.1,314.1,134.1
S00677,2024-07-08,P004,Rockford Fosgate,Subwoofer,1,3999,0.1,3599.1,1399.1
S00678,2024-07-08,P009,Pioneer,Subwoofer,2,1699,0.0,3398.0,1598.0
S00679,2024-07-09,P001,Memphis Audio,Subwoofer,1,2199,0.0,2199.0,999.0
S00680,2024-07-09,P018,Stinger,Accesorios,1,249,0.0,249.0,129.0
S00681,2024-07-09,P019,Soundskins,Accesorios,1,549,0.0,549.0,269.0
S00682,2024-07-11,P003,Memphis Audio,Amplificador,1,4499,0.05,4274.05,1874.05
S00683,2024-07-11,P010,JBL,Subwoofer,2,1999,0.1,3598.2,1398.2
S00684,2024-07-11,P018,Stinger,Accesorios,2,249,0.1,448.2,208.2
S00685,2024-07-12,P004,Rockford Fosgate,Subwoofer,3,3999,0.0,11997.0,5397.0
S00686,2024-07-12,P011,JBL,Bocinas,2,999,0.1,1798.2,798.2
S00687,2024-07-12,P015,KBT Electronics,Head Unit,2,2199,0.0,4398.0,1998.0
S00688,2024-07-12,P017,Stinger,Accesorios,1,349,0.05,331.55,151.55
S00689,2024-07-12,P019,Soundskins,Accesorios,3,549,0.05,1564.65,724.65
S00690,2024-07-13,P003,Memphis Audio,Amplificador,3,4499,0.05,12822.15,5622.15
S00691,2024-07-13,P004,Rockford Fosgate,Subwoofer,1,3999,0.0,3999.0,1799.0
S00692,2024-07-13,P007,Pioneer,Head Unit,1,4999,0.0,4999.0,2199.0
S00693,2024-07-13,P009,Pioneer,Subwoofer,2,1699,0.0,3398.0,1598.0
S00694,2024-07-13,P013,Cerwin Vega,Subwoofer,1,1799,0.0,1799.0,849.0
S00695,2024-07-13,P014,Cerwin Vega,Bocinas,2,849,0.0,1698.0,858.0
S00696,2024-07-13,P018,Stinger,Accesorios,2,249,0.0,498.0,258.0
S00697,2024-07-13,P019,Soundskins,Accesorios,3,549,0.05,1564.65,724.65
S00698,2024-07-14,P003,Memphis Audio,Amplificador,3,4499,0.0,13497.0,6297.0
S00699,2024-07-14,P007,Pioneer,Head Unit,1,4999,0.0,4999.0,2199.0
S00700,2024-07-14,P009,Pioneer,Subwoofer,1,1699,0.1,1529.1,629.1
S00701,2024-07-14,P013,Cerwin Vega,Subwoofer,2,1799,0.0,3598.0,1698.0
S00702,2024-07-14,P014,Cerwin Vega,Bocinas,2,849,0.1,1528.2,688.2
S00703,2024-07-15,P002,Memphis Audio,Amplificador,2,3299,0.0,6598.0,2998.0
S00704,2024-07-15,P005,Rockford Fosgate,Amplificador,2,2899,0.1,5218.2,2018.2
S00705,2024-07-15,P006,Rockford Fosgate,Subwoofer,2,2599,0.0,5198.0,2398.0
S00706,2024-07-15,P013,Cerwin Vega,Subwoofer,3,1799,0.1,4857.3,2007.3
S00707,2024-07-16,P005,Rockford Fosgate,Amplificador,3,2899,0.05,8262.15,3462.15
S00708,2024-07-16,P009,Pioneer,Subwoofer,3,1699,0.0,5097.0,2397.0
S00709,2024-07-16,P012,JBL,Amplificador,1,2399,0.05,2279.05,979.05
S00710,2024-07-16,P014,Cerwin Vega,Bocinas,1,849,0.1,764.1,344.1
S00711,2024-07-16,P020,Soundskins,Accesorios,1,699,0.0,699.0,349.0
S00712,2024-07-17,P002,Memphis Audio,Amplificador,2,3299,0.1,5938.2,2338.2
S00713,2024-07-17,P005,Rockford Fosgate,Amplificador,2,2899,0.0,5798.0,2598.0
S00714,2024-07-17,P015,KBT Electronics,Head Unit,1,2199,0.05,2089.05,889.05
S00715,2024-07-18,P003,Memphis Audio,Amplificador,3,4499,0.0,13497.0,6297.0
S00716,2024-07-18,P007,Pioneer,Head Unit,3,4999,0.0,14997.0,6597.0
S00717,2024-07-18,P013,Cerwin Vega,Subwoofer,2,1799,0.1,3238.2,1338.2
S00718,2024-07-19,P002,Memphis Audio,Amplificador,2,3299,0.0,6598.0,2998.0
S00719,2024-07-19,P009,Pioneer,Subwoofer,1,1699,0.0,1699.0,799.0
S00720,2024-07-19,P012,JBL,Amplificador,2,2399,0.1,4318.2,1718.2
S00721,2024-07-19,P013,Cerwin Vega,Subwoofer,2,1799,0.05,3418.1,1518.1
S00722,2024-07-19,P017,Stinger,Accesorios,1,349,0.1,314.1,134.1
S00723,2024-07-19,P019,Soundskins,Accesorios,3,549,0.0,1647.0,807.0
S00724,2024-07-20,P003,Memphis Audio,Amplificador,1,4499,0.1,4049.1,1649.1
S00725,2024-07-20,P007,Pioneer,Head Unit,3,4999,0.0,14997.0,6597.0
S00726,2024-07-20,P008,Pioneer,Bocinas,2,699,0.0,1398.0,698.0
S00727,2024-07-20,P010,JBL,Subwoofer,2,1999,0.1,3598.2,1398.2
S00728,2024-07-20,P013,Cerwin Vega,Subwoofer,1,1799,0.0,1799.0,849.0
S00729,2024-07-20,P015,KBT Electronics,Head Unit,3,2199,0.1,5937.3,2337.3
S00730,2024-07-20,P017,Stinger,Accesorios,2,349,0.1,628.2,268.2
S00731,2024-07-20,P019,Soundskins,Accesorios,3,549,0.0,1647.0,807.0
S00732,2024-07-21,P001,Memphis Audio,Subwoofer,2,2199,0.1,3958.2,1558.2
S00733,2024-07-21,P004,Rockford Fosgate,Subwoofer,1,3999,0.05,3799.05,1599.05
S00734,2024-07-21,P006,Rockford Fosgate,Subwoofer,2,2599,0.0,5198.0,2398.0
S00735,2024-07-21,P007,Pioneer,Head Unit,2,4999,0.0,9998.0,4398.0
S00736,2024-07-21,P018,Stinger,Accesorios,2,249,0.1,448.2,208.2
S00737,2024-07-21,P019,Soundskins,Accesorios,3,549,0.05,1564.65,724.65
S00738,2024-07-21,P020,Soundskins,Accesorios,2,699,0.05,1328.1,628.1
S00739,2024-07-22,P003,Memphis Audio,Amplificador,3,4499,0.0,13497.0,6297.0
S00740,2024-07-22,P011,JBL,Bocinas,2,999,0.0,1998.0,998.0
S00741,2024-07-22,P014,Cerwin Vega,Bocinas,2,849,0.1,1528.2,688.2
S00742,2024-07-22,P019,Soundskins,Accesorios,3,549,0.0,1647.0,807.0
S00743,2024-07-23,P017,Stinger,Accesorios,3,349,0.1,942.3,402.3
S00744,2024-07-23,P019,Soundskins,Accesorios,3,549,0.05,1564.65,724.65
S00745,2024-07-24,P001,Memphis Audio,Subwoofer,2,2199,0.0,4398.0,1998.0
S00746,2024-07-24,P010,JBL,Subwoofer,1,1999,0.0,1999.0,899.0
S00747,2024-07-24,P014,Cerwin Vega,Bocinas,1,849,0.0,849.0,429.0
S00748,2024-07-24,P019,Soundskins,Accesorios,2,549,0.0,1098.0,538.0
S00749,2024-07-25,P007,Pioneer,Head Unit,1,4999,0.1,4499.1,1699.1
S00750,2024-07-25,P010,JBL,Subwoofer,2,1999,0.0,3998.0,1798.0
S00751,2024-07-25,P013,Cerwin Vega,Subwoofer,3,1799,0.1,4857.3,2007.3
S00752,2024-07-26,P011,JBL,Bocinas,3,999,0.0,2997.0,1497.0
S00753,2024-07-26,P012,JBL,Amplificador,1,2399,0.0,2399.0,1099.0
S00754,2024-07-26,P013,Cerwin Vega,Subwoofer,2,1799,0.05,3418.1,1518.1
S00755,2024-07-26,P016,KBT Electronics,Amplificador,2,1799,0.05,3418.1,1518.1
S00756,2024-07-27,P007,Pioneer,Head Unit,2,4999,0.0,9998.0,4398.0
S00757,2024-07-27,P012,JBL,Amplificador,1,2399,0.1,2159.1,859.1
S00758,2024-07-27,P017,Stinger,Accesorios,3,349,0.1,942.3,402.3
S00759,2024-07-28,P002,Memphis Audio,Amplificador,3,3299,0.0,9897.0,4497.0
S00760,2024-07-28,P013,Cerwin Vega,Subwoofer,2,1799,0.1,3238.2,1338.2
S00761,2024-07-28,P019,Soundskins,Accesorios,1,549,0.0,549.0,269.0
S00762,2024-07-29,P011,JBL,Bocinas,2,999,0.0,1998.0,998.0
S00763,2024-07-29,P012,JBL,Amplificador,1,2399,0.0,2399.0,1099.0
S00764,2024-07-30,P006,Rockford Fosgate,Subwoofer,3,2599,0.0,7797.0,3597.0
S00765,2024-07-30,P008,Pioneer,Bocinas,1,699,0.1,629.1,279.1
S00766,2024-07-30,P010,JBL,Subwoofer,2,1999,0.05,3798.1,1598.1
S00767,2024-07-30,P020,Soundskins,Accesorios,1,699,0.05,664.05,314.05
S00768,2024-07-31,P009,Pioneer,Subwoofer,2,1699,0.0,3398.0,1598.0
S00769,2024-07-31,P016,KBT Electronics,Amplificador,3,1799,0.0,5397.0,2547.0
S00770,2024-08-01,P003,Memphis Audio,Amplificador,3,4499,0.1,12147.3,4947.3
S00771,2024-08-01,P016,KBT Electronics,Amplificador,1,1799,0.1,1619.1,669.1
S00772,2024-08-01,P017,Stinger,Accesorios,2,349,0.0,698.0,338.0
S00773,2024-08-01,P020,Soundskins,Accesorios,1,699,0.1,629.1,279.1
S00774,2024-08-02,P001,Memphis Audio,Subwoofer,3,2199,0.0,6597.0,2997.0
S00775,2024-08-02,P005,Rockford Fosgate,Amplificador,3,2899,0.0,8697.0,3897.0
S00776,2024-08-02,P011,JBL,Bocinas,1,999,0.0,999.0,499.0
S00777,2024-08-02,P014,Cerwin Vega,Bocinas,2,849,0.0,1698.0,858.0
S00778,2024-08-03,P002,Memphis Audio,Amplificador,2,3299,0.0,6598.0,2998.0
S00779,2024-08-03,P006,Rockford Fosgate,Subwoofer,1,2599,0.05,2469.05,1069.05
S00780,2024-08-03,P008,Pioneer,Bocinas,2,699,0.0,1398.0,698.0
S00781,2024-08-03,P010,JBL,Subwoofer,3,1999,0.05,5697.15,2397.15
S00782,2024-08-03,P011,JBL,Bocinas,3,999,0.0,2997.0,1497.0
S00783,2024-08-03,P014,Cerwin Vega,Bocinas,1,849,0.0,849.0,429.0
S00784,2024-08-03,P019,Soundskins,Accesorios,3,549,0.0,1647.0,807.0
S00785,2024-08-04,P014,Cerwin Vega,Bocinas,3,849,0.05,2419.65,1159.65
S00786,2024-08-04,P015,KBT Electronics,Head Unit,3,2199,0.0,6597.0,2997.0
S00787,2024-08-04,P018,Stinger,Accesorios,3,249,0.0,747.0,387.0
S00788,2024-08-05,P011,JBL,Bocinas,3,999,0.0,2997.0,1497.0
S00789,2024-08-05,P016,KBT Electronics,Amplificador,1,1799,0.1,1619.1,669.1
S00790,2024-08-06,P005,Rockford Fosgate,Amplificador,2,2899,0.0,5798.0,2598.0
S00791,2024-08-06,P017,Stinger,Accesorios,3,349,0.0,1047.0,507.0
S00792,2024-08-06,P019,Soundskins,Accesorios,3,549,0.0,1647.0,807.0
S00793,2024-08-07,P002,Memphis Audio,Amplificador,3,3299,0.0,9897.0,4497.0
S00794,2024-08-07,P005,Rockford Fosgate,Amplificador,3,2899,0.0,8697.0,3897.0
S00795,2024-08-07,P007,Pioneer,Head Unit,1,4999,0.0,4999.0,2199.0
S00796,2024-08-07,P019,Soundskins,Accesorios,1,549,0.0,549.0,269.0
S00797,2024-08-08,P002,Memphis Audio,Amplificador,1,3299,0.05,3134.05,1334.05
S00798,2024-08-08,P008,Pioneer,Bocinas,3,699,0.1,1887.3,837.3
S00799,2024-08-08,P010,JBL,Subwoofer,2,1999,0.0,3998.0,1798.0
S00800,2024-08-08,P011,JBL,Bocinas,1,999,0.0,999.0,499.0
S00801,2024-08-08,P018,Stinger,Accesorios,1,249,0.0,249.0,129.0
S00802,2024-08-09,P003,Memphis Audio,Amplificador,1,4499,0.05,4274.05,1874.05
S00803,2024-08-09,P005,Rockford Fosgate,Amplificador,2,2899,0.0,5798.0,2598.0
S00804,2024-08-09,P017,Stinger,Accesorios,1,349,0.0,349.0,169.0
S00805,2024-08-09,P018,Stinger,Accesorios,1,249,0.05,236.55,116.55
S00806,2024-08-09,P020,Soundskins,Accesorios,1,699,0.0,699.0,349.0
S00807,2024-08-10,P007,Pioneer,Head Unit,3,4999,0.0,14997.0,6597.0
S00808,2024-08-10,P009,Pioneer,Subwoofer,1,1699,0.05,1614.05,714.05
S00809,2024-08-10,P011,JBL,Bocinas,1,999,0.05,949.05,449.05
S00810,2024-08-10,P014,Cerwin Vega,Bocinas,3,849,0.0,2547.0,1287.0
S00811,2024-08-10,P016,KBT Electronics,Amplificador,1,1799,0.0,1799.0,849.0
S00812,2024-08-10,P017,Stinger,Accesorios,2,349,0.0,698.0,338.0
S00813,2024-08-10,P019,Soundskins,Accesorios,2,549,0.1,988.2,428.2
S00814,2024-08-11,P002,Memphis Audio,Amplificador,3,3299,0.05,9402.15,4002.15
S00815,2024-08-11,P006,Rockford Fosgate,Subwoofer,2,2599,0.0,5198.0,2398.0
S00816,2024-08-11,P008,Pioneer,Bocinas,3,699,0.1,1887.3,837.3
S00817,2024-08-11,P009,Pioneer,Subwoofer,1,1699,0.0,1699.0,799.0
S00818,2024-08-11,P012,JBL,Amplificador,2,2399,0.0,4798.0,2198.0
S00819,2024-08-11,P018,Stinger,Accesorios,3,249,0.0,747.0,387.0
S00820,2024-08-11,P019,Soundskins,Accesorios,3,549,0.05,1564.65,724.65
S00821,2024-08-12,P004,Rockford Fosgate,Subwoofer,2,3999,0.0,7998.0,3598.0
S00822,2024-08-12,P013,Cerwin Vega,Subwoofer,2,1799,0.1,3238.2,1338.2
S00823,2024-08-12,P014,Cerwin Vega,Bocinas,3,849,0.05,2419.65,1159.65
S00824,2024-08-13,P001,Memphis Audio,Subwoofer,3,2199,0.05,6267.15,2667.15
S00825,2024-08-13,P003,Memphis Audio,Amplificador,2,4499,0.0,8998.0,4198.0
S00826,2024-08-13,P005,Rockford Fosgate,Amplificador,2,2899,0.0,5798.0,2598.0
S00827,2024-08-13,P006,Rockford Fosgate,Subwoofer,2,2599,0.1,4678.2,1878.2
S00828,2024-08-13,P008,Pioneer,Bocinas,2,699,0.05,1328.1,628.1
S00829,2024-08-13,P017,Stinger,Accesorios,3,349,0.0,1047.0,507.0
S00830,2024-08-14,P012,JBL,Amplificador,2,2399,0.0,4798.0,2198.0
S00831,2024-08-14,P014,Cerwin Vega,Bocinas,2,849,0.0,1698.0,858.0
S00832,2024-08-14,P019,Soundskins,Accesorios,2,549,0.0,1098.0,538.0
S00833,2024-08-15,P012,JBL,Amplificador,2,2399,0.0,4798.0,2198.0
S00834,2024-08-16,P008,Pioneer,Bocinas,2,699,0.0,1398.0,698.0
S00835,2024-08-16,P011,JBL,Bocinas,2,999,0.0,1998.0,998.0
S00836,2024-08-16,P020,Soundskins,Accesorios,2,699,0.05,1328.1,628.1
S00837,2024-08-17,P004,Rockford Fosgate,Subwoofer,1,3999,0.1,3599.1,1399.1
S00838,2024-08-17,P015,KBT Electronics,Head Unit,2,2199,0.0,4398.0,1998.0
S00839,2024-08-17,P017,Stinger,Accesorios,2,349,0.0,698.0,338.0
S00840,2024-08-17,P019,Soundskins,Accesorios,2,549,0.0,1098.0,538.0
S00841,2024-08-18,P001,Memphis Audio,Subwoofer,1,2199,0.1,1979.1,779.1
S00842,2024-08-18,P009,Pioneer,Subwoofer,2,1699,0.1,3058.2,1258.2
S00843,2024-08-18,P010,JBL,Subwoofer,2,1999,0.0,3998.0,1798.0
S00844,2024-08-18,P011,JBL,Bocinas,3,999,0.0,2997.0,1497.0
S00845,2024-08-18,P014,Cerwin Vega,Bocinas,2,849,0.1,1528.2,688.2
S00846,2024-08-18,P017,Stinger,Accesorios,1,349,0.05,331.55,151.55
S00847,2024-08-19,P017,Stinger,Accesorios,2,349,0.0,698.0,338.0
S00848,2024-08-19,P018,Stinger,Accesorios,3,249,0.0,747.0,387.0
S00849,2024-08-20,P003,Memphis Audio,Amplificador,1,4499,0.1,4049.1,1649.1
S00850,2024-08-20,P009,Pioneer,Subwoofer,3,1699,0.05,4842.15,2142.15
S00851,2024-08-20,P017,Stinger,Accesorios,3,349,0.0,1047.0,507.0
S00852,2024-08-21,P002,Memphis Audio,Amplificador,2,3299,0.0,6598.0,2998.0
S00853,2024-08-21,P011,JBL,Bocinas,3,999,0.05,2847.15,1347.15
S00854,2024-08-22,P004,Rockford Fosgate,Subwoofer,3,3999,0.0,11997.0,5397.0
S00855,2024-08-22,P009,Pioneer,Subwoofer,1,1699,0.05,1614.05,714.05
S00856,2024-08-22,P019,Soundskins,Accesorios,2,549,0.05,1043.1,483.1
S00857,2024-08-22,P020,Soundskins,Accesorios,3,699,0.0,2097.0,1047.0
S00858,2024-08-23,P005,Rockford Fosgate,Amplificador,2,2899,0.05,5508.1,2308.1
S00859,2024-08-23,P007,Pioneer,Head Unit,3,4999,0.0,14997.0,6597.0
S00860,2024-08-23,P014,Cerwin Vega,Bocinas,3,849,0.1,2292.3,1032.3
S00861,2024-08-23,P015,KBT Electronics,Head Unit,2,2199,0.0,4398.0,1998.0
S00862,2024-08-23,P017,Stinger,Accesorios,2,349,0.0,698.0,338.0
S00863,2024-08-23,P019,Soundskins,Accesorios,2,549,0.05,1043.1,483.1
S00864,2024-08-24,P002,Memphis Audio,Amplificador,2,3299,0.1,5938.2,2338.2
S00865,2024-08-24,P004,Rockford Fosgate,Subwoofer,1,3999,0.0,3999.0,1799.0
S00866,2024-08-24,P017,Stinger,Accesorios,1,349,0.1,314.1,134.1
S00867,2024-08-25,P002,Memphis Audio,Amplificador,1,3299,0.0,3299.0,1499.0
S00868,2024-08-25,P015,KBT Electronics,Head Unit,1,2199,0.0,2199.0,999.0
S00869,2024-08-26,P005,Rockford Fosgate,Amplificador,1,2899,0.0,2899.0,1299.0
S00870,2024-08-26,P006,Rockford Fosgate,Subwoofer,3,2599,0.0,7797.0,3597.0
S00871,2024-08-26,P013,Cerwin Vega,Subwoofer,1,1799,0.05,1709.05,759.05
S00872,2024-08-26,P015,KBT Electronics,Head Unit,1,2199,0.0,2199.0,999.0
S00873,2024-08-26,P018,Stinger,Accesorios,1,249,0.0,249.0,129.0
S00874,2024-08-26,P019,Soundskins,Accesorios,2,549,0.0,1098.0,538.0
S00875,2024-08-27,P007,Pioneer,Head Unit,3,4999,0.0,14997.0,6597.0
S00876,2024-08-27,P010,JBL,Subwoofer,3,1999,0.1,5397.3,2097.3
S00877,2024-08-27,P013,Cerwin Vega,Subwoofer,3,1799,0.0,5397.0,2547.0
S00878,2024-08-27,P017,Stinger,Accesorios,3,349,0.0,1047.0,507.0
S00879,2024-08-27,P019,Soundskins,Accesorios,1,549,0.1,494.1,214.1
S00880,2024-08-28,P005,Rockford Fosgate,Amplificador,2,2899,0.05,5508.1,2308.1
S00881,2024-08-28,P017,Stinger,Accesorios,2,349,0.0,698.0,338.0
S00882,2024-08-29,P012,JBL,Amplificador,3,2399,0.05,6837.15,2937.15
S00883,2024-08-29,P017,Stinger,Accesorios,2,349,0.05,663.1,303.1
S00884,2024-08-31,P002,Memphis Audio,Amplificador,2,3299,0.0,6598.0,2998.0
S00885,2024-08-31,P003,Memphis Audio,Amplificador,2,4499,0.05,8548.1,3748.1
S00886,2024-08-31,P006,Rockford Fosgate,Subwoofer,3,2599,0.0,7797.0,3597.0
S00887,2024-08-31,P009,Pioneer,Subwoofer,1,1699,0.05,1614.05,714.05
S00888,2024-09-01,P005,Rockford Fosgate,Amplificador,1,2899,0.05,2754.05,1154.05
S00889,2024-09-01,P007,Pioneer,Head Unit,2,4999,0.0,9998.0,4398.0
S00890,2024-09-01,P010,JBL,Subwoofer,1,1999,0.1,1799.1,699.1
S00891,2024-09-01,P014,Cerwin Vega,Bocinas,2,849,0.0,1698.0,858.0
S00892,2024-09-02,P004,Rockford Fosgate,Subwoofer,1,3999,0.05,3799.05,1599.05
S00893,2024-09-02,P011,JBL,Bocinas,3,999,0.0,2997.0,1497.0
S00894,2024-09-02,P012,JBL,Amplificador,2,2399,0.0,4798.0,2198.0
S00895,2024-09-03,P001,Memphis Audio,Subwoofer,1,2199,0.0,2199.0,999.0
S00896,2024-09-03,P004,Rockford Fosgate,Subwoofer,3,3999,0.0,11997.0,5397.0
S00897,2024-09-03,P006,Rockford Fosgate,Subwoofer,1,2599,0.0,2599.0,1199.0
S00898,2024-09-03,P008,Pioneer,Bocinas,3,699,0.05,1992.15,942.15
S00899,2024-09-03,P019,Soundskins,Accesorios,3,549,0.0,1647.0,807.0
S00900,2024-09-04,P013,Cerwin Vega,Subwoofer,3,1799,0.05,5127.15,2277.15
S00901,2024-09-05,P005,Rockford Fosgate,Amplificador,2,2899,0.1,5218.2,2018.2
S00902,2024-09-05,P015,KBT Electronics,Head Unit,3,2199,0.1,5937.3,2337.3
S00903,2024-09-06,P011,JBL,Bocinas,1,999,0.0,999.0,499.0
S00904,2024-09-06,P020,Soundskins,Accesorios,3,699,0.1,1887.3,837.3
S00905,2024-09-07,P003,Memphis Audio,Amplificador,1,4499,0.0,4499.0,2099.0
S00906,2024-09-07,P010,JBL,Subwoofer,2,1999,0.0,3998.0,1798.0
S00907,2024-09-07,P011,JBL,Bocinas,2,999,0.1,1798.2,798.2
S00908,2024-09-07,P016,KBT Electronics,Amplificador,1,1799,0.0,1799.0,849.0
S00909,2024-09-08,P003,Memphis Audio,Amplificador,3,4499,0.0,13497.0,6297.0
S00910,2024-09-08,P007,Pioneer,Head Unit,3,4999,0.1,13497.3,5097.3
S00911,2024-09-08,P013,Cerwin Vega,Subwoofer,2,1799,0.0,3598.0,1698.0
S00912,2024-09-08,P019,Soundskins,Accesorios,1,549,0.0,549.0,269.0
S00913,2024-09-08,P020,Soundskins,Accesorios,2,699,0.05,1328.1,628.1
S00914,2024-09-09,P003,Memphis Audio,Amplificador,3,4499,0.0,13497.0,6297.0
S00915,2024-09-09,P005,Rockford Fosgate,Amplificador,3,2899,0.05,8262.15,3462.15
S00916,2024-09-09,P010,JBL,Subwoofer,2,1999,0.0,3998.0,1798.0
S00917,2024-09-09,P012,JBL,Amplificador,3,2399,0.0,7197.0,3297.0
S00918,2024-09-10,P004,Rockford Fosgate,Subwoofer,1,3999,0.05,3799.05,1599.05
S00919,2024-09-10,P010,JBL,Subwoofer,1,1999,0.0,1999.0,899.0
S00920,2024-09-10,P018,Stinger,Accesorios,1,249,0.05,236.55,116.55
S00921,2024-09-11,P013,Cerwin Vega,Subwoofer,1,1799,0.0,1799.0,849.0
S00922,2024-09-11,P020,Soundskins,Accesorios,1,699,0.0,699.0,349.0
S00923,2024-09-12,P017,Stinger,Accesorios,2,349,0.1,628.2,268.2
S00924,2024-09-13,P011,JBL,Bocinas,2,999,0.0,1998.0,998.0
S00925,2024-09-13,P013,Cerwin Vega,Subwoofer,3,1799,0.1,4857.3,2007.3
S00926,2024-09-13,P018,Stinger,Accesorios,3,249,0.0,747.0,387.0
S00927,2024-09-13,P019,Soundskins,Accesorios,2,549,0.0,1098.0,538.0
S00928,2024-09-14,P008,Pioneer,Bocinas,1,699,0.0,699.0,349.0
S00929,2024-09-14,P016,KBT Electronics,Amplificador,1,1799,0.0,1799.0,849.0
S00930,2024-09-14,P019,Soundskins,Accesorios,2,549,0.05,1043.1,483.1
S00931,2024-09-15,P002,Memphis Audio,Amplificador,1,3299,0.0,3299.0,1499.0
S00932,2024-09-15,P011,JBL,Bocinas,2,999,0.1,1798.2,798.2
S00933,2024-09-16,P006,Rockford Fosgate,Subwoofer,1,2599,0.0,2599.0,1199.0
S00934,2024-09-16,P007,Pioneer,Head Unit,1,4999,0.05,4749.05,1949.05
S00935,2024-09-17,P006,Rockford Fosgate,Subwoofer,1,2599,0.0,2599.0,1199.0
S00936,2024-09-17,P008,Pioneer,Bocinas,2,699,0.0,1398.0,698.0
S00937,2024-09-17,P013,Cerwin Vega,Subwoofer,2,1799,0.1,3238.2,1338.2
S00938,2024-09-17,P018,Stinger,Accesorios,1,249,0.0,249.0,129.0
S00939,2024-09-17,P020,Soundskins,Accesorios,1,699,0.1,629.1,279.1
S00940,2024-09-18,P006,Rockford Fosgate,Subwoofer,3,2599,0.0,7797.0,3597.0
S00941,2024-09-18,P008,Pioneer,Bocinas,2,699,0.0,1398.0,698.0
S00942,2024-09-18,P010,JBL,Subwoofer,3,1999,0.0,5997.0,2697.0
S00943,2024-09-18,P016,KBT Electronics,Amplificador,3,1799,0.05,5127.15,2277.15
S00944,2024-09-18,P020,Soundskins,Accesorios,1,699,0.1,629.1,279.1
S00945,2024-09-19,P008,Pioneer,Bocinas,3,699,0.0,2097.0,1047.0
S00946,2024-09-19,P010,JBL,Subwoofer,1,1999,0.1,1799.1,699.1
S00947,2024-09-19,P017,Stinger,Accesorios,1,349,0.0,349.0,169.0
S00948,2024-09-20,P010,JBL,Subwoofer,2,1999,0.1,3598.2,1398.2
S00949,2024-09-20,P016,KBT Electronics,Amplificador,2,1799,0.0,3598.0,1698.0
S00950,2024-09-20,P020,Soundskins,Accesorios,2,699,0.05,1328.1,628.1
S00951,2024-09-21,P007,Pioneer,Head Unit,2,4999,0.05,9498.1,3898.1
S00952,2024-09-21,P008,Pioneer,Bocinas,2,699,0.0,1398.0,698.0
S00953,2024-09-21,P009,Pioneer,Subwoofer,1,1699,0.0,1699.0,799.0
S00954,2024-09-21,P013,Cerwin Vega,Subwoofer,1,1799,0.0,1799.0,849.0
S00955,2024-09-22,P003,Memphis Audio,Amplificador,3,4499,0.05,12822.15,5622.15
S00956,2024-09-22,P004,Rockford Fosgate,Subwoofer,1,3999,0.05,3799.05,1599.05
S00957,2024-09-22,P005,Rockford Fosgate,Amplificador,2,2899,0.0,5798.0,2598.0
S00958,2024-09-22,P014,Cerwin Vega,Bocinas,1,849,0.1,764.1,344.1
S00959,2024-09-22,P018,Stinger,Accesorios,2,249,0.0,498.0,258.0
S00960,2024-09-22,P019,Soundskins,Accesorios,3,549,0.05,1564.65,724.65
S00961,2024-09-23,P012,JBL,Amplificador,1,2399,0.0,2399.0,1099.0
S00962,2024-09-23,P017,Stinger,Accesorios,2,349,0.0,698.0,338.0
S00963,2024-09-24,P006,Rockford Fosgate,Subwoofer,1,2599,0.0,2599.0,1199.0
S00964,2024-09-24,P010,JBL,Subwoofer,2,1999,0.1,3598.2,1398.2
S00965,2024-09-24,P016,KBT Electronics,Amplificador,3,1799,0.05,5127.15,2277.15
S00966,2024-09-25,P014,Cerwin Vega,Bocinas,3,849,0.05,2419.65,1159.65
S00967,2024-09-25,P016,KBT Electronics,Amplificador,3,1799,0.0,5397.0,2547.0
S00968,2024-09-25,P019,Soundskins,Accesorios,3,549,0.0,1647.0,807.0
S00969,2024-09-26,P018,Stinger,Accesorios,1,249,0.0,249.0,129.0
S00970,2024-09-26,P020,Soundskins,Accesorios,2,699,0.0,1398.0,698.0
S00971,2024-09-27,P018,Stinger,Accesorios,1,249,0.0,249.0,129.0
S00972,2024-09-28,P010,JBL,Subwoofer,1,1999,0.05,1899.05,799.05
S00973,2024-09-28,P018,Stinger,Accesorios,3,249,0.0,747.0,387.0
S00974,2024-09-28,P020,Soundskins,Accesorios,1,699,0.0,699.0,349.0
S00975,2024-09-29,P002,Memphis Audio,Amplificador,2,3299,0.05,6268.1,2668.1
S00976,2024-09-29,P006,Rockford Fosgate,Subwoofer,2,2599,0.0,5198.0,2398.0
S00977,2024-09-29,P008,Pioneer,Bocinas,1,699,0.05,664.05,314.05
S00978,2024-09-29,P011,JBL,Bocinas,2,999,0.0,1998.0,998.0
S00979,2024-09-29,P013,Cerwin Vega,Subwoofer,2,1799,0.0,3598.0,1698.0
S00980,2024-09-29,P017,Stinger,Accesorios,3,349,0.05,994.65,454.65
S00981,2024-09-29,P019,Soundskins,Accesorios,2,549,0.05,1043.1,483.1
S00982,2024-09-30,P010,JBL,Subwoofer,2,1999,0.0,3998.0,1798.0
S00983,2024-09-30,P015,KBT Electronics,Head Unit,3,2199,0.0,6597.0,2997.0
S00984,2024-09-30,P017,Stinger,Accesorios,3,349,0.1,942.3,402.3
S00985,2024-10-01,P009,Pioneer,Subwoofer,2,1699,0.05,3228.1,1428.1
S00986,2024-10-01,P020,Soundskins,Accesorios,3,699,0.0,2097.0,1047.0
S00987,2024-10-02,P011,JBL,Bocinas,3,999,0.1,2697.3,1197.3
S00988,2024-10-03,P001,Memphis Audio,Subwoofer,3,2199,0.0,6597.0,2997.0
S00989,2024-10-03,P004,Rockford Fosgate,Subwoofer,2,3999,0.0,7998.0,3598.0
S00990,2024-10-04,P004,Rockford Fosgate,Subwoofer,3,3999,0.05,11397.15,4797.15
S00991,2024-10-04,P006,Rockford Fosgate,Subwoofer,1,2599,0.05,2469.05,1069.05
S00992,2024-10-05,P003,Memphis Audio,Amplificador,1,4499,0.05,4274.05,1874.05
S00993,2024-10-05,P005,Rockford Fosgate,Amplificador,3,2899,0.1,7827.3,3027.3
S00994,2024-10-05,P007,Pioneer,Head Unit,1,4999,0.05,4749.05,1949.05
S00995,2024-10-05,P015,KBT Electronics,Head Unit,3,2199,0.0,6597.0,2997.0
S00996,2024-10-05,P016,KBT Electronics,Amplificador,1,1799,0.0,1799.0,849.0
S00997,2024-10-06,P002,Memphis Audio,Amplificador,3,3299,0.05,9402.15,4002.15
S00998,2024-10-06,P003,Memphis Audio,Amplificador,2,4499,0.0,8998.0,4198.0
S00999,2024-10-06,P004,Rockford Fosgate,Subwoofer,3,3999,0.05,11397.15,4797.15
S01000,2024-10-06,P005,Rockford Fosgate,Amplificador,3,2899,0.0,8697.0,3897.0
S01001,2024-10-06,P006,Rockford Fosgate,Subwoofer,1,2599,0.05,2469.05,1069.05
S01002,2024-10-06,P014,Cerwin Vega,Bocinas,1,849,0.1,764.1,344.1
S01003,2024-10-06,P018,Stinger,Accesorios,3,249,0.0,747.0,387.0
S01004,2024-10-06,P019,Soundskins,Accesorios,3,549,0.1,1482.3,642.3
S01005,2024-10-07,P014,Cerwin Vega,Bocinas,3,849,0.0,2547.0,1287.0
S01006,2024-10-07,P018,Stinger,Accesorios,3,249,0.1,672.3,312.3
S01007,2024-10-07,P019,Soundskins,Accesorios,2,549,0.1,988.2,428.2
S01008,2024-10-08,P001,Memphis Audio,Subwoofer,3,2199,0.0,6597.0,2997.0
S01009,2024-10-08,P008,Pioneer,Bocinas,3,699,0.1,1887.3,837.3
S01010,2024-10-08,P014,Cerwin Vega,Bocinas,1,849,0.1,764.1,344.1
S01011,2024-10-08,P017,Stinger,Accesorios,1,349,0.1,314.1,134.1
S01012,2024-10-08,P018,Stinger,Accesorios,1,249,0.0,249.0,129.0
S01013,2024-10-08,P020,Soundskins,Accesorios,2,699,0.05,1328.1,628.1
S01014,2024-10-09,P002,Memphis Audio,Amplificador,2,3299,0.0,6598.0,2998.0
S01015,2024-10-09,P003,Memphis Audio,Amplificador,1,4499,0.0,4499.0,2099.0
S01016,2024-10-09,P010,JBL,Subwoofer,1,1999,0.0,1999.0,899.0
S01017,2024-10-09,P016,KBT Electronics,Amplificador,1,1799,0.0,1799.0,849.0
S01018,2024-10-10,P011,JBL,Bocinas,3,999,0.1,2697.3,1197.3
S01019,2024-10-11,P001,Memphis Audio,Subwoofer,2,2199,0.1,3958.2,1558.2
S01020,2024-10-11,P004,Rockford Fosgate,Subwoofer,2,3999,0.0,7998.0,3598.0
S01021,2024-10-11,P012,JBL,Amplificador,3,2399,0.1,6477.3,2577.3
S01022,2024-10-11,P016,KBT Electronics,Amplificador,1,1799,0.1,1619.1,669.1
S01023,2024-10-11,P019,Soundskins,Accesorios,3,549,0.0,1647.0,807.0
S01024,2024-10-12,P008,Pioneer,Bocinas,3,699,0.0,2097.0,1047.0
S01025,2024-10-12,P009,Pioneer,Subwoofer,3,1699,0.0,5097.0,2397.0
S01026,2024-10-12,P011,JBL,Bocinas,2,999,0.0,1998.0,998.0
S01027,2024-10-13,P001,Memphis Audio,Subwoofer,1,2199,0.05,2089.05,889.05
S01028,2024-10-13,P010,JBL,Subwoofer,2,1999,0.0,3998.0,1798.0
S01029,2024-10-13,P013,Cerwin Vega,Subwoofer,1,1799,0.0,1799.0,849.0
S01030,2024-10-13,P020,Soundskins,Accesorios,2,699,0.0,1398.0,698.0
S01031,2024-10-14,P001,Memphis Audio,Subwoofer,2,2199,0.1,3958.2,1558.2
S01032,2024-10-14,P014,Cerwin Vega,Bocinas,1,849,0.0,849.0,429.0
S01033,2024-10-15,P002,Memphis Audio,Amplificador,3,3299,0.1,8907.3,3507.3
S01034,2024-10-15,P006,Rockford Fosgate,Subwoofer,2,2599,0.0,5198.0,2398.0
S01035,2024-10-15,P011,JBL,Bocinas,3,999,0.05,2847.15,1347.15
S01036,2024-10-15,P014,Cerwin Vega,Bocinas,3,849,0.0,2547.0,1287.0
S01037,2024-10-15,P015,KBT Electronics,Head Unit,2,2199,0.1,3958.2,1558.2
S01038,2024-10-15,P017,Stinger,Accesorios,1,349,0.0,349.0,169.0
S01039,2024-10-15,P018,Stinger,Accesorios,3,249,0.0,747.0,387.0
S01040,2024-10-16,P006,Rockford Fosgate,Subwoofer,3,2599,0.0,7797.0,3597.0
S01041,2024-10-16,P007,Pioneer,Head Unit,2,4999,0.0,9998.0,4398.0
S01042,2024-10-16,P012,JBL,Amplificador,1,2399,0.0,2399.0,1099.0
S01043,2024-10-16,P017,Stinger,Accesorios,3,349,0.1,942.3,402.3
S01044,2024-10-16,P019,Soundskins,Accesorios,2,549,0.1,988.2,428.2
S01045,2024-10-16,P020,Soundskins,Accesorios,1,699,0.0,699.0,349.0
S01046,2024-10-17,P005,Rockford Fosgate,Amplificador,2,2899,0.0,5798.0,2598.0
S01047,2024-10-17,P008,Pioneer,Bocinas,3,699,0.0,2097.0,1047.0
S01048,2024-10-17,P012,JBL,Amplificador,2,2399,0.0,4798.0,2198.0
S01049,2024-10-17,P020,Soundskins,Accesorios,3,699,0.0,2097.0,1047.0
S01050,2024-10-18,P004,Rockford Fosgate,Subwoofer,3,3999,0.0,11997.0,5397.0
S01051,2024-10-18,P008,Pioneer,Bocinas,3,699,0.0,2097.0,1047.0
S01052,2024-10-18,P013,Cerwin Vega,Subwoofer,1,1799,0.0,1799.0,849.0
S01053,2024-10-18,P014,Cerwin Vega,Bocinas,3,849,0.05,2419.65,1159.65
S01054,2024-10-18,P020,Soundskins,Accesorios,2,699,0.0,1398.0,698.0
S01055,2024-10-19,P006,Rockford Fosgate,Subwoofer,1,2599,0.1,2339.1,939.1
S01056,2024-10-19,P009,Pioneer,Subwoofer,2,1699,0.0,3398.0,1598.0
S01057,2024-10-19,P013,Cerwin Vega,Subwoofer,1,1799,0.05,1709.05,759.05
S01058,2024-10-20,P002,Memphis Audio,Amplificador,2,3299,0.0,6598.0,2998.0
S01059,2024-10-20,P008,Pioneer,Bocinas,2,699,0.0,1398.0,698.0
S01060,2024-10-20,P013,Cerwin Vega,Subwoofer,1,1799,0.0,1799.0,849.0
S01061,2024-10-20,P016,KBT Electronics,Amplificador,2,1799,0.0,3598.0,1698.0
S01062,2024-10-21,P011,JBL,Bocinas,3,999,0.0,2997.0,1497.0
S01063,2024-10-21,P014,Cerwin Vega,Bocinas,1,849,0.0,849.0,429.0
S01064,2024-10-21,P018,Stinger,Accesorios,3,249,0.1,672.3,312.3
S01065,2024-10-22,P001,Memphis Audio,Subwoofer,1,2199,0.0,2199.0,999.0
S01066,2024-10-22,P009,Pioneer,Subwoofer,3,1699,0.1,4587.3,1887.3
S01067,2024-10-22,P014,Cerwin Vega,Bocinas,2,849,0.0,1698.0,858.0
S01068,2024-10-22,P018,Stinger,Accesorios,1,249,0.05,236.55,116.55
S01069,2024-10-23,P001,Memphis Audio,Subwoofer,2,2199,0.1,3958.2,1558.2
S01070,2024-10-23,P018,Stinger,Accesorios,2,249,0.05,473.1,233.1
S01071,2024-10-24,P003,Memphis Audio,Amplificador,1,4499,0.0,4499.0,2099.0
S01072,2024-10-24,P019,Soundskins,Accesorios,3,549,0.1,1482.3,642.3
S01073,2024-10-25,P001,Memphis Audio,Subwoofer,2,2199,0.0,4398.0,1998.0
S01074,2024-10-25,P002,Memphis Audio,Amplificador,1,3299,0.0,3299.0,1499.0
S01075,2024-10-25,P003,Memphis Audio,Amplificador,1,4499,0.0,4499.0,2099.0
S01076,2024-10-25,P016,KBT Electronics,Amplificador,2,1799,0.0,3598.0,1698.0
S01077,2024-10-26,P006,Rockford Fosgate,Subwoofer,2,2599,0.0,5198.0,2398.0
S01078,2024-10-26,P017,Stinger,Accesorios,3,349,0.05,994.65,454.65
S01079,2024-10-26,P018,Stinger,Accesorios,2,249,0.1,448.2,208.2
S01080,2024-10-26,P019,Soundskins,Accesorios,1,549,0.1,494.1,214.1
S01081,2024-10-27,P014,Cerwin Vega,Bocinas,1,849,0.0,849.0,429.0
S01082,2024-10-28,P004,Rockford Fosgate,Subwoofer,2,3999,0.0,7998.0,3598.0
S01083,2024-10-28,P010,JBL,Subwoofer,3,1999,0.1,5397.3,2097.3
S01084,2024-10-28,P011,JBL,Bocinas,3,999,0.1,2697.3,1197.3
S01085,2024-10-28,P014,Cerwin Vega,Bocinas,2,849,0.0,1698.0,858.0
S01086,2024-10-28,P020,Soundskins,Accesorios,2,699,0.05,1328.1,628.1
S01087,2024-10-29,P003,Memphis Audio,Amplificador,2,4499,0.05,8548.1,3748.1
S01088,2024-10-29,P018,Stinger,Accesorios,1,249,0.05,236.55,116.55
S01089,2024-10-29,P019,Soundskins,Accesorios,2,549,0.1,988.2,428.2
S01090,2024-10-31,P018,Stinger,Accesorios,1,249,0.1,224.1,104.1
S01091,2024-11-01,P005,Rockford Fosgate,Amplificador,3,2899,0.05,8262.15,3462.15
S01092,2024-11-01,P010,JBL,Subwoofer,1,1999,0.0,1999.0,899.0
S01093,2024-11-01,P014,Cerwin Vega,Bocinas,3,849,0.0,2547.0,1287.0
S01094,2024-11-01,P019,Soundskins,Accesorios,1,549,0.1,494.1,214.1
S01095,2024-11-01,P020,Soundskins,Accesorios,2,699,0.0,1398.0,698.0
S01096,2024-11-02,P003,Memphis Audio,Amplificador,1,4499,0.0,4499.0,2099.0
S01097,2024-11-02,P004,Rockford Fosgate,Subwoofer,2,3999,0.0,7998.0,3598.0
S01098,2024-11-02,P006,Rockford Fosgate,Subwoofer,3,2599,0.1,7017.3,2817.3
S01099,2024-11-02,P016,KBT Electronics,Amplificador,1,1799,0.0,1799.0,849.0
S01100,2024-11-03,P001,Memphis Audio,Subwoofer,1,2199,0.0,2199.0,999.0
S01101,2024-11-03,P005,Rockford Fosgate,Amplificador,3,2899,0.0,8697.0,3897.0
S01102,2024-11-03,P006,Rockford Fosgate,Subwoofer,1,2599,0.0,2599.0,1199.0
S01103,2024-11-03,P008,Pioneer,Bocinas,3,699,0.0,2097.0,1047.0
S01104,2024-11-03,P017,Stinger,Accesorios,2,349,0.0,698.0,338.0
S01105,2024-11-03,P018,Stinger,Accesorios,3,249,0.0,747.0,387.0
S01106,2024-11-03,P019,Soundskins,Accesorios,1,549,0.05,521.55,241.55
S01107,2024-11-03,P020,Soundskins,Accesorios,3,699,0.0,2097.0,1047.0
S01108,2024-11-04,P003,Memphis Audio,Amplificador,1,4499,0.05,4274.05,1874.05
S01109,2024-11-04,P007,Pioneer,Head Unit,3,4999,0.1,13497.3,5097.3
S01110,2024-11-04,P008,Pioneer,Bocinas,1,699,0.1,629.1,279.1
S01111,2024-11-04,P014,Cerwin Vega,Bocinas,1,849,0.0,849.0,429.0
S01112,2024-11-04,P017,Stinger,Accesorios,1,349,0.1,314.1,134.1
S01113,2024-11-05,P004,Rockford Fosgate,Subwoofer,1,3999,0.1,3599.1,1399.1
S01114,2024-11-05,P006,Rockford Fosgate,Subwoofer,1,2599,0.05,2469.05,1069.05
S01115,2024-11-05,P009,Pioneer,Subwoofer,2,1699,0.05,3228.1,1428.1
S01116,2024-11-05,P011,JBL,Bocinas,1,999,0.0,999.0,499.0
S01117,2024-11-05,P017,Stinger,Accesorios,2,349,0.0,698.0,338.0
S01118,2024-11-06,P002,Memphis Audio,Amplificador,3,3299,0.0,9897.0,4497.0
S01119,2024-11-06,P005,Rockford Fosgate,Amplificador,3,2899,0.0,8697.0,3897.0
S01120,2024-11-06,P011,JBL,Bocinas,3,999,0.0,2997.0,1497.0
S01121,2024-11-06,P012,JBL,Amplificador,2,2399,0.0,4798.0,2198.0
S01122,2024-11-06,P014,Cerwin Vega,Bocinas,1,849,0.0,849.0,429.0
S01123,2024-11-06,P015,KBT Electronics,Head Unit,1,2199,0.1,1979.1,779.1
S01124,2024-11-06,P018,Stinger,Accesorios,3,249,0.0,747.0,387.0
S01125,2024-11-07,P001,Memphis Audio,Subwoofer,1,2199,0.0,2199.0,999.0
S01126,2024-11-07,P017,Stinger,Accesorios,2,349,0.0,698.0,338.0
S01127,2024-11-07,P020,Soundskins,Accesorios,2,699,0.1,1258.2,558.2
S01128,2024-11-08,P011,JBL,Bocinas,1,999,0.0,999.0,499.0
S01129,2024-11-08,P012,JBL,Amplificador,3,2399,0.0,7197.0,3297.0
S01130,2024-11-09,P002,Memphis Audio,Amplificador,1,3299,0.05,3134.05,1334.05
S01131,2024-11-09,P004,Rockford Fosgate,Subwoofer,2,3999,0.0,7998.0,3598.0
S01132,2024-11-09,P011,JBL,Bocinas,2,999,0.05,1898.1,898.1
S01133,2024-11-09,P013,Cerwin Vega,Subwoofer,1,1799,0.0,1799.0,849.0
S01134,2024-11-09,P018,Stinger,Accesorios,2,249,0.0,498.0,258.0
S01135,2024-11-09,P019,Soundskins,Accesorios,3,549,0.1,1482.3,642.3
S01136,2024-11-10,P002,Memphis Audio,Amplificador,1,3299,0.05,3134.05,1334.05
S01137,2024-11-10,P010,JBL,Subwoofer,2,1999,0.1,3598.2,1398.2
S01138,2024-11-10,P018,Stinger,Accesorios,3,249,0.1,672.3,312.3
S01139,2024-11-11,P001,Memphis Audio,Subwoofer,3,2199,0.0,6597.0,2997.0
S01140,2024-11-11,P007,Pioneer,Head Unit,1,4999,0.05,4749.05,1949.05
S01141,2024-11-11,P011,JBL,Bocinas,2,999,0.0,1998.0,998.0
S01142,2024-11-11,P014,Cerwin Vega,Bocinas,1,849,0.05,806.55,386.55
S01143,2024-11-11,P017,Stinger,Accesorios,3,349,0.0,1047.0,507.0
S01144,2024-11-11,P019,Soundskins,Accesorios,2,549,0.05,1043.1,483.1
S01145,2024-11-12,P011,JBL,Bocinas,1,999,0.0,999.0,499.0
S01146,2024-11-12,P013,Cerwin Vega,Subwoofer,3,1799,0.0,5397.0,2547.0
S01147,2024-11-12,P014,Cerwin Vega,Bocinas,3,849,0.0,2547.0,1287.0
S01148,2024-11-13,P013,Cerwin Vega,Subwoofer,3,1799,0.05,5127.15,2277.15
S01149,2024-11-13,P016,KBT Electronics,Amplificador,3,1799,0.0,5397.0,2547.0
S01150,2024-11-14,P006,Rockford Fosgate,Subwoofer,3,2599,0.0,7797.0,3597.0
S01151,2024-11-14,P007,Pioneer,Head Unit,2,4999,0.0,9998.0,4398.0
S01152,2024-11-15,P001,Memphis Audio,Subwoofer,2,2199,0.0,4398.0,1998.0
S01153,2024-11-15,P008,Pioneer,Bocinas,2,699,0.0,1398.0,698.0
S01154,2024-11-15,P013,Cerwin Vega,Subwoofer,2,1799,0.0,3598.0,1698.0
S01155,2024-11-15,P017,Stinger,Accesorios,3,349,0.0,1047.0,507.0
S01156,2024-11-15,P018,Stinger,Accesorios,3,249,0.0,747.0,387.0
S01157,2024-11-15,P019,Soundskins,Accesorios,2,549,0.05,1043.1,483.1
S01158,2024-11-16,P001,Memphis Audio,Subwoofer,2,2199,0.05,4178.1,1778.1
S01159,2024-11-16,P010,JBL,Subwoofer,3,1999,0.1,5397.3,2097.3
S01160,2024-11-16,P011,JBL,Bocinas,2,999,0.05,1898.1,898.1
S01161,2024-11-16,P019,Soundskins,Accesorios,2,549,0.0,1098.0,538.0
S01162,2024-11-16,P020,Soundskins,Accesorios,1,699,0.0,699.0,349.0
S01163,2024-11-17,P003,Memphis Audio,Amplificador,1,4499,0.1,4049.1,1649.1
S01164,2024-11-17,P008,Pioneer,Bocinas,1,699,0.1,629.1,279.1
S01165,2024-11-17,P018,Stinger,Accesorios,2,249,0.0,498.0,258.0
S01166,2024-11-18,P001,Memphis Audio,Subwoofer,2,2199,0.0,4398.0,1998.0
S01167,2024-11-18,P005,Rockford Fosgate,Amplificador,3,2899,0.0,8697.0,3897.0
S01168,2024-11-18,P009,Pioneer,Subwoofer,3,1699,0.1,4587.3,1887.3
S01169,2024-11-18,P018,Stinger,Accesorios,3,249,0.0,747.0,387.0
S01170,2024-11-18,P020,Soundskins,Accesorios,1,699,0.05,664.05,314.05
S01171,2024-11-19,P005,Rockford Fosgate,Amplificador,1,2899,0.1,2609.1,1009.1
S01172,2024-11-19,P011,JBL,Bocinas,3,999,0.0,2997.0,1497.0
S01173,2024-11-19,P016,KBT Electronics,Amplificador,2,1799,0.1,3238.2,1338.2
S01174,2024-11-19,P018,Stinger,Accesorios,3,249,0.0,747.0,387.0
S01175,2024-11-19,P020,Soundskins,Accesorios,1,699,0.05,664.05,314.05
S01176,2024-11-20,P003,Memphis Audio,Amplificador,1,4499,0.0,4499.0,2099.0
S01177,2024-11-20,P005,Rockford Fosgate,Amplificador,3,2899,0.1,7827.3,3027.3
S01178,2024-11-20,P006,Rockford Fosgate,Subwoofer,1,2599,0.05,2469.05,1069.05
S01179,2024-11-20,P011,JBL,Bocinas,2,999,0.0,1998.0,998.0
S01180,2024-11-20,P013,Cerwin Vega,Subwoofer,3,1799,0.0,5397.0,2547.0
S01181,2024-11-20,P018,Stinger,Accesorios,1,249,0.05,236.55,116.55
S01182,2024-11-21,P013,Cerwin Vega,Subwoofer,1,1799,0.0,1799.0,849.0
S01183,2024-11-21,P017,Stinger,Accesorios,3,349,0.1,942.3,402.3
S01184,2024-11-21,P020,Soundskins,Accesorios,3,699,0.0,2097.0,1047.0
S01185,2024-11-22,P005,Rockford Fosgate,Amplificador,2,2899,0.0,5798.0,2598.0
S01186,2024-11-22,P015,KBT Electronics,Head Unit,3,2199,0.1,5937.3,2337.3
S01187,2024-11-22,P018,Stinger,Accesorios,1,249,0.0,249.0,129.0
S01188,2024-11-22,P019,Soundskins,Accesorios,3,549,0.0,1647.0,807.0
S01189,2024-11-22,P020,Soundskins,Accesorios,2,699,0.0,1398.0,698.0
S01190,2024-11-23,P001,Memphis Audio,Subwoofer,1,2199,0.1,1979.1,779.1
S01191,2024-11-23,P002,Memphis Audio,Amplificador,1,3299,0.0,3299.0,1499.0
S01192,2024-11-23,P005,Rockford Fosgate,Amplificador,1,2899,0.1,2609.1,1009.1
S01193,2024-11-23,P008,Pioneer,Bocinas,3,699,0.0,2097.0,1047.0
S01194,2024-11-23,P009,Pioneer,Subwoofer,1,1699,0.1,1529.1,629.1
S01195,2024-11-23,P013,Cerwin Vega,Subwoofer,2,1799,0.0,3598.0,1698.0
S01196,2024-11-23,P018,Stinger,Accesorios,1,249,0.0,249.0,129.0
S01197,2024-11-23,P019,Soundskins,Accesorios,1,549,0.0,549.0,269.0
S01198,2024-11-23,P020,Soundskins,Accesorios,1,699,0.0,699.0,349.0
S01199,2024-11-24,P004,Rockford Fosgate,Subwoofer,3,3999,0.05,11397.15,4797.15
S01200,2024-11-24,P005,Rockford Fosgate,Amplificador,2,2899,0.0,5798.0,2598.0
S01201,2024-11-24,P009,Pioneer,Subwoofer,2,1699,0.05,3228.1,1428.1
S01202,2024-11-24,P011,JBL,Bocinas,1,999,0.0,999.0,499.0
S01203,2024-11-24,P020,Soundskins,Accesorios,1,699,0.0,699.0,349.0
S01204,2024-11-25,P003,Memphis Audio,Amplificador,3,4499,0.0,13497.0,6297.0
S01205,2024-11-25,P004,Rockford Fosgate,Subwoofer,1,3999,0.1,3599.1,1399.1
S01206,2024-11-25,P005,Rockford Fosgate,Amplificador,3,2899,0.05,8262.15,3462.15
S01207,2024-11-25,P006,Rockford Fosgate,Subwoofer,3,2599,0.0,7797.0,3597.0
S01208,2024-11-25,P012,JBL,Amplificador,2,2399,0.0,4798.0,2198.0
S01209,2024-11-25,P014,Cerwin Vega,Bocinas,1,849,0.0,849.0,429.0
S01210,2024-11-25,P019,Soundskins,Accesorios,2,549,0.1,988.2,428.2
S01211,2024-11-26,P004,Rockford Fosgate,Subwoofer,2,3999,0.0,7998.0,3598.0
S01212,2024-11-26,P012,JBL,Amplificador,1,2399,0.1,2159.1,859.1
S01213,2024-11-27,P015,KBT Electronics,Head Unit,2,2199,0.05,4178.1,1778.1
S01214,2024-11-27,P019,Soundskins,Accesorios,1,549,0.0,549.0,269.0
S01215,2024-11-27,P020,Soundskins,Accesorios,1,699,0.0,699.0,349.0
S01216,2024-11-29,P014,Cerwin Vega,Bocinas,1,849,0.1,764.1,344.1
S01217,2024-11-29,P016,KBT Electronics,Amplificador,2,1799,0.05,3418.1,1518.1
S01218,2024-11-29,P017,Stinger,Accesorios,1,349,0.0,349.0,169.0
S01219,2024-11-29,P019,Soundskins,Accesorios,3,549,0.0,1647.0,807.0
S01220,2024-11-30,P003,Memphis Audio,Amplificador,3,4499,0.1,12147.3,4947.3
S01221,2024-11-30,P013,Cerwin Vega,Subwoofer,1,1799,0.1,1619.1,669.1
S01222,2024-11-30,P016,KBT Electronics,Amplificador,2,1799,0.0,3598.0,1698.0
S01223,2024-11-30,P018,Stinger,Accesorios,2,249,0.05,473.1,233.1
S01224,2024-11-30,P019,Soundskins,Accesorios,3,549,0.1,1482.3,642.3
S01225,2024-12-01,P003,Memphis Audio,Amplificador,3,4499,0.0,13497.0,6297.0
S01226,2024-12-01,P004,Rockford Fosgate,Subwoofer,2,3999,0.0,7998.0,3598.0
S01227,2024-12-01,P007,Pioneer,Head Unit,2,4999,0.0,9998.0,4398.0
S01228,2024-12-01,P011,JBL,Bocinas,3,999,0.05,2847.15,1347.15
S01229,2024-12-01,P012,JBL,Amplificador,3,2399,0.0,7197.0,3297.0
S01230,2024-12-01,P013,Cerwin Vega,Subwoofer,2,1799,0.0,3598.0,1698.0
S01231,2024-12-01,P014,Cerwin Vega,Bocinas,2,849,0.0,1698.0,858.0
S01232,2024-12-01,P016,KBT Electronics,Amplificador,1,1799,0.05,1709.05,759.05
S01233,2024-12-01,P019,Soundskins,Accesorios,2,549,0.1,988.2,428.2
S01234,2024-12-02,P002,Memphis Audio,Amplificador,2,3299,0.1,5938.2,2338.2
S01235,2024-12-02,P006,Rockford Fosgate,Subwoofer,1,2599,0.0,2599.0,1199.0
S01236,2024-12-02,P007,Pioneer,Head Unit,2,4999,0.1,8998.2,3398.2
S01237,2024-12-02,P008,Pioneer,Bocinas,3,699,0.0,2097.0,1047.0
S01238,2024-12-02,P009,Pioneer,Subwoofer,2,1699,0.05,3228.1,1428.1
S01239,2024-12-02,P017,Stinger,Accesorios,3,349,0.0,1047.0,507.0
S01240,2024-12-02,P018,Stinger,Accesorios,1,249,0.0,249.0,129.0
S01241,2024-12-02,P020,Soundskins,Accesorios,2,699,0.0,1398.0,698.0
S01242,2024-12-03,P003,Memphis Audio,Amplificador,3,4499,0.1,12147.3,4947.3
S01243,2024-12-03,P005,Rockford Fosgate,Amplificador,3,2899,0.0,8697.0,3897.0
S01244,2024-12-03,P006,Rockford Fosgate,Subwoofer,1,2599,0.05,2469.05,1069.05
S01245,2024-12-03,P007,Pioneer,Head Unit,1,4999,0.0,4999.0,2199.0
S01246,2024-12-03,P010,JBL,Subwoofer,1,1999,0.05,1899.05,799.05
S01247,2024-12-03,P014,Cerwin Vega,Bocinas,2,849,0.05,1613.1,773.1
S01248,2024-12-03,P019,Soundskins,Accesorios,2,549,0.0,1098.0,538.0
S01249,2024-12-04,P003,Memphis Audio,Amplificador,1,4499,0.0,4499.0,2099.0
S01250,2024-12-04,P013,Cerwin Vega,Subwoofer,3,1799,0.0,5397.0,2547.0
S01251,2024-12-04,P016,KBT Electronics,Amplificador,2,1799,0.0,3598.0,1698.0
S01252,2024-12-04,P020,Soundskins,Accesorios,2,699,0.0,1398.0,698.0
S01253,2024-12-05,P002,Memphis Audio,Amplificador,1,3299,0.0,3299.0,1499.0
S01254,2024-12-05,P005,Rockford Fosgate,Amplificador,3,2899,0.0,8697.0,3897.0
S01255,2024-12-05,P006,Rockford Fosgate,Subwoofer,2,2599,0.0,5198.0,2398.0
S01256,2024-12-05,P007,Pioneer,Head Unit,3,4999,0.1,13497.3,5097.3
S01257,2024-12-05,P011,JBL,Bocinas,3,999,0.0,2997.0,1497.0
S01258,2024-12-05,P012,JBL,Amplificador,1,2399,0.05,2279.05,979.05
S01259,2024-12-06,P003,Memphis Audio,Amplificador,2,4499,0.1,8098.2,3298.2
S01260,2024-12-06,P006,Rockford Fosgate,Subwoofer,3,2599,0.0,7797.0,3597.0
S01261,2024-12-06,P008,Pioneer,Bocinas,1,699,0.1,629.1,279.1
S01262,2024-12-06,P009,Pioneer,Subwoofer,3,1699,0.0,5097.0,2397.0
S01263,2024-12-06,P020,Soundskins,Accesorios,1,699,0.0,699.0,349.0
S01264,2024-12-07,P001,Memphis Audio,Subwoofer,1,2199,0.1,1979.1,779.1
S01265,2024-12-07,P008,Pioneer,Bocinas,1,699,0.0,699.0,349.0
S01266,2024-12-07,P011,JBL,Bocinas,1,999,0.1,899.1,399.1
S01267,2024-12-07,P012,JBL,Amplificador,1,2399,0.0,2399.0,1099.0
S01268,2024-12-07,P014,Cerwin Vega,Bocinas,1,849,0.0,849.0,429.0
S01269,2024-12-07,P016,KBT Electronics,Amplificador,1,1799,0.0,1799.0,849.0
S01270,2024-12-07,P018,Stinger,Accesorios,2,249,0.1,448.2,208.2
S01271,2024-12-07,P020,Soundskins,Accesorios,3,699,0.1,1887.3,837.3
S01272,2024-12-08,P001,Memphis Audio,Subwoofer,1,2199,0.05,2089.05,889.05
S01273,2024-12-08,P006,Rockford Fosgate,Subwoofer,2,2599,0.0,5198.0,2398.0
S01274,2024-12-08,P008,Pioneer,Bocinas,2,699,0.0,1398.0,698.0
S01275,2024-12-08,P013,Cerwin Vega,Subwoofer,3,1799,0.05,5127.15,2277.15
S01276,2024-12-08,P018,Stinger,Accesorios,2,249,0.0,498.0,258.0
S01277,2024-12-08,P019,Soundskins,Accesorios,1,549,0.1,494.1,214.1
S01278,2024-12-09,P006,Rockford Fosgate,Subwoofer,2,2599,0.0,5198.0,2398.0
S01279,2024-12-09,P010,JBL,Subwoofer,3,1999,0.05,5697.15,2397.15
S01280,2024-12-09,P012,JBL,Amplificador,2,2399,0.0,4798.0,2198.0
S01281,2024-12-09,P017,Stinger,Accesorios,1,349,0.0,349.0,169.0
S01282,2024-12-10,P003,Memphis Audio,Amplificador,1,4499,0.1,4049.1,1649.1
S01283,2024-12-10,P004,Rockford Fosgate,Subwoofer,2,3999,0.0,7998.0,3598.0
S01284,2024-12-10,P005,Rockford Fosgate,Amplificador,1,2899,0.0,2899.0,1299.0
S01285,2024-12-10,P006,Rockford Fosgate,Subwoofer,1,2599,0.0,2599.0,1199.0
S01286,2024-12-10,P007,Pioneer,Head Unit,3,4999,0.1,13497.3,5097.3
S01287,2024-12-10,P008,Pioneer,Bocinas,1,699,0.0,699.0,349.0
S01288,2024-12-10,P012,JBL,Amplificador,1,2399,0.05,2279.05,979.05
S01289,2024-12-10,P018,Stinger,Accesorios,3,249,0.0,747.0,387.0
S01290,2024-12-10,P020,Soundskins,Accesorios,1,699,0.0,699.0,349.0
S01291,2024-12-11,P002,Memphis Audio,Amplificador,2,3299,0.0,6598.0,2998.0
S01292,2024-12-11,P003,Memphis Audio,Amplificador,1,4499,0.0,4499.0,2099.0
S01293,2024-12-11,P004,Rockford Fosgate,Subwoofer,2,3999,0.0,7998.0,3598.0
S01294,2024-12-11,P014,Cerwin Vega,Bocinas,2,849,0.0,1698.0,858.0
S01295,2024-12-11,P015,KBT Electronics,Head Unit,2,2199,0.0,4398.0,1998.0
S01296,2024-12-11,P018,Stinger,Accesorios,1,249,0.1,224.1,104.1
S01297,2024-12-11,P019,Soundskins,Accesorios,2,549,0.1,988.2,428.2
S01298,2024-12-12,P001,Memphis Audio,Subwoofer,2,2199,0.0,4398.0,1998.0
S01299,2024-12-12,P017,Stinger,Accesorios,1,349,0.05,331.55,151.55
S01300,2024-12-13,P002,Memphis Audio,Amplificador,2,3299,0.0,6598.0,2998.0
S01301,2024-12-13,P003,Memphis Audio,Amplificador,2,4499,0.0,8998.0,4198.0
S01302,2024-12-13,P004,Rockford Fosgate,Subwoofer,2,3999,0.0,7998.0,3598.0
S01303,2024-12-14,P006,Rockford Fosgate,Subwoofer,1,2599,0.0,2599.0,1199.0
S01304,2024-12-14,P008,Pioneer,Bocinas,3,699,0.05,1992.15,942.15
S01305,2024-12-14,P011,JBL,Bocinas,2,999,0.0,1998.0,998.0
S01306,2024-12-14,P016,KBT Electronics,Amplificador,3,1799,0.05,5127.15,2277.15
S01307,2024-12-14,P017,Stinger,Accesorios,1,349,0.0,349.0,169.0
S01308,2024-12-14,P019,Soundskins,Accesorios,3,549,0.0,1647.0,807.0
S01309,2024-12-14,P020,Soundskins,Accesorios,1,699,0.05,664.05,314.05
S01310,2024-12-15,P004,Rockford Fosgate,Subwoofer,3,3999,0.0,11997.0,5397.0
S01311,2024-12-15,P005,Rockford Fosgate,Amplificador,2,2899,0.0,5798.0,2598.0
S01312,2024-12-15,P006,Rockford Fosgate,Subwoofer,1,2599,0.0,2599.0,1199.0
S01313,2024-12-15,P009,Pioneer,Subwoofer,1,1699,0.05,1614.05,714.05
S01314,2024-12-15,P013,Cerwin Vega,Subwoofer,2,1799,0.0,3598.0,1698.0
S01315,2024-12-15,P016,KBT Electronics,Amplificador,1,1799,0.0,1799.0,849.0
S01316,2024-12-15,P017,Stinger,Accesorios,3,349,0.0,1047.0,507.0
S01317,2024-12-15,P019,Soundskins,Accesorios,1,549,0.0,549.0,269.0
S01318,2024-12-16,P008,Pioneer,Bocinas,1,699,0.0,699.0,349.0
S01319,2024-12-16,P012,JBL,Amplificador,1,2399,0.05,2279.05,979.05
S01320,2024-12-16,P014,Cerwin Vega,Bocinas,1,849,0.1,764.1,344.1
S01321,2024-12-16,P016,KBT Electronics,Amplificador,3,1799,0.05,5127.15,2277.15
S01322,2024-12-17,P001,Memphis Audio,Subwoofer,2,2199,0.05,4178.1,1778.1
S01323,2024-12-17,P003,Memphis Audio,Amplificador,1,4499,0.0,4499.0,2099.0
S01324,2024-12-17,P006,Rockford Fosgate,Subwoofer,2,2599,0.0,5198.0,2398.0
S01325,2024-12-17,P008,Pioneer,Bocinas,3,699,0.0,2097.0,1047.0
S01326,2024-12-17,P013,Cerwin Vega,Subwoofer,2,1799,0.0,3598.0,1698.0
S01327,2024-12-17,P018,Stinger,Accesorios,2,249,0.0,498.0,258.0
S01328,2024-12-17,P020,Soundskins,Accesorios,2,699,0.0,1398.0,698.0
S01329,2024-12-18,P006,Rockford Fosgate,Subwoofer,3,2599,0.0,7797.0,3597.0
S01330,2024-12-18,P012,JBL,Amplificador,2,2399,0.05,4558.1,1958.1
S01331,2024-12-18,P016,KBT Electronics,Amplificador,2,1799,0.0,3598.0,1698.0
S01332,2024-12-18,P018,Stinger,Accesorios,3,249,0.0,747.0,387.0
S01333,2024-12-19,P003,Memphis Audio,Amplificador,3,4499,0.1,12147.3,4947.3
S01334,2024-12-19,P009,Pioneer,Subwoofer,2,1699,0.0,3398.0,1598.0
S01335,2024-12-19,P012,JBL,Amplificador,3,2399,0.05,6837.15,2937.15
S01336,2024-12-19,P019,Soundskins,Accesorios,1,549,0.0,549.0,269.0
S01337,2024-12-20,P009,Pioneer,Subwoofer,3,1699,0.0,5097.0,2397.0
S01338,2024-12-20,P011,JBL,Bocinas,3,999,0.05,2847.15,1347.15
S01339,2024-12-20,P017,Stinger,Accesorios,1,349,0.1,314.1,134.1
S01340,2024-12-20,P020,Soundskins,Accesorios,2,699,0.1,1258.2,558.2
S01341,2024-12-21,P002,Memphis Audio,Amplificador,2,3299,0.1,5938.2,2338.2
S01342,2024-12-21,P008,Pioneer,Bocinas,3,699,0.0,2097.0,1047.0
S01343,2024-12-21,P012,JBL,Amplificador,3,2399,0.0,7197.0,3297.0
S01344,2024-12-21,P013,Cerwin Vega,Subwoofer,1,1799,0.0,1799.0,849.0
S01345,2024-12-21,P017,Stinger,Accesorios,2,349,0.0,698.0,338.0
S01346,2024-12-21,P018,Stinger,Accesorios,2,249,0.1,448.2,208.2
S01347,2024-12-22,P001,Memphis Audio,Subwoofer,3,2199,0.0,6597.0,2997.0
S01348,2024-12-22,P005,Rockford Fosgate,Amplificador,2,2899,0.0,5798.0,2598.0
S01349,2024-12-22,P011,JBL,Bocinas,1,999,0.1,899.1,399.1
S01350,2024-12-22,P012,JBL,Amplificador,2,2399,0.0,4798.0,2198.0
S01351,2024-12-22,P014,Cerwin Vega,Bocinas,1,849,0.1,764.1,344.1
S01352,2024-12-22,P016,KBT Electronics,Amplificador,2,1799,0.05,3418.1,1518.1
S01353,2024-12-22,P018,Stinger,Accesorios,1,249,0.0,249.0,129.0
S01354,2024-12-23,P003,Memphis Audio,Amplificador,1,4499,0.0,4499.0,2099.0
S01355,2024-12-23,P012,JBL,Amplificador,2,2399,0.0,4798.0,2198.0
S01356,2024-12-24,P010,JBL,Subwoofer,3,1999,0.0,5997.0,2697.0
S01357,2024-12-24,P011,JBL,Bocinas,2,999,0.0,1998.0,998.0
S01358,2024-12-25,P004,Rockford Fosgate,Subwoofer,3,3999,0.0,11997.0,5397.0
S01359,2024-12-25,P013,Cerwin Vega,Subwoofer,2,1799,0.0,3598.0,1698.0
S01360,2024-12-25,P017,Stinger,Accesorios,2,349,0.05,663.1,303.1
S01361,2024-12-26,P008,Pioneer,Bocinas,2,699,0.05,1328.1,628.1
S01362,2024-12-26,P016,KBT Electronics,Amplificador,1,1799,0.0,1799.0,849.0
S01363,2024-12-26,P017,Stinger,Accesorios,1,349,0.1,314.1,134.1
S01364,2024-12-26,P019,Soundskins,Accesorios,3,549,0.1,1482.3,642.3
S01365,2024-12-27,P001,Memphis Audio,Subwoofer,2,2199,0.1,3958.2,1558.2
S01366,2024-12-27,P003,Memphis Audio,Amplificador,2,4499,0.05,8548.1,3748.1
S01367,2024-12-27,P004,Rockford Fosgate,Subwoofer,2,3999,0.1,7198.2,2798.2
S01368,2024-12-27,P006,Rockford Fosgate,Subwoofer,2,2599,0.0,5198.0,2398.0
S01369,2024-12-27,P017,Stinger,Accesorios,3,349,0.0,1047.0,507.0
S01370,2024-12-28,P002,Memphis Audio,Amplificador,2,3299,0.0,6598.0,2998.0
S01371,2024-12-28,P003,Memphis Audio,Amplificador,1,4499,0.0,4499.0,2099.0
S01372,2024-12-28,P008,Pioneer,Bocinas,3,699,0.05,1992.15,942.15
S01373,2024-12-28,P009,Pioneer,Subwoofer,2,1699,0.0,3398.0,1598.0
S01374,2024-12-28,P012,JBL,Amplificador,3,2399,0.05,6837.15,2937.15
S01375,2024-12-28,P013,Cerwin Vega,Subwoofer,3,1799,0.05,5127.15,2277.15
S01376,2024-12-28,P015,KBT Electronics,Head Unit,2,2199,0.1,3958.2,1558.2
S01377,2024-12-28,P016,KBT Electronics,Amplificador,1,1799,0.0,1799.0,849.0
S01378,2024-12-28,P018,Stinger,Accesorios,1,249,0.1,224.1,104.1
S01379,2024-12-29,P005,Rockford Fosgate,Amplificador,1,2899,0.0,2899.0,1299.0
S01380,2024-12-29,P009,Pioneer,Subwoofer,3,1699,0.1,4587.3,1887.3
S01381,2024-12-29,P011,JBL,Bocinas,2,999,0.0,1998.0,998.0
S01382,2024-12-29,P013,Cerwin Vega,Subwoofer,2,1799,0.0,3598.0,1698.0
S01383,2024-12-29,P014,Cerwin Vega,Bocinas,3,849,0.0,2547.0,1287.0
S01384,2024-12-29,P017,Stinger,Accesorios,2,349,0.0,698.0,338.0
S01385,2024-12-29,P019,Soundskins,Accesorios,1,549,0.0,549.0,269.0
S01386,2024-12-30,P002,Memphis Audio,Amplificador,2,3299,0.1,5938.2,2338.2
S01387,2024-12-30,P003,Memphis Audio,Amplificador,1,4499,0.0,4499.0,2099.0
S01388,2024-12-30,P005,Rockford Fosgate,Amplificador,1,2899,0.05,2754.05,1154.05
S01389,2024-12-30,P008,Pioneer,Bocinas,1,699,0.05,664.05,314.05
S01390,2024-12-30,P013,Cerwin Vega,Subwoofer,2,1799,0.05,3418.1,1518.1
S01391,2024-12-30,P017,Stinger,Accesorios,2,349,0.0,698.0,338.0
S01392,2024-12-31,P002,Memphis Audio,Amplificador,2,3299,0.0,6598.0,2998.0
S01393,2024-12-31,P006,Rockford Fosgate,Subwoofer,3,2599,0.0,7797.0,3597.0
S01394,2024-12-31,P008,Pioneer,Bocinas,1,699,0.1,629.1,279.1
S01395,2024-12-31,P009,Pioneer,Subwoofer,3,1699,0.0,5097.0,2397.0
S01396,2024-12-31,P010,JBL,Subwoofer,2,1999,0.0,3998.0,1798.0
S01397,2024-12-31,P012,JBL,Amplificador,1,2399,0.0,2399.0,1099.0
S01398,2024-12-31,P013,Cerwin Vega,Subwoofer,3,1799,0.0,5397.0,2547.0
S01399,2025-01-02,P006,Rockford Fosgate,Subwoofer,1,2599,0.0,2599.0,1199.0
S01400,2025-01-02,P018,Stinger,Accesorios,1,249,0.0,249.0,129.0
S01401,2025-01-03,P001,Memphis Audio,Subwoofer,2,2199,0.0,4398.0,1998.0
S01402,2025-01-03,P002,Memphis Audio,Amplificador,3,3299,0.0,9897.0,4497.0
S01403,2025-01-03,P008,Pioneer,Bocinas,2,699,0.1,1258.2,558.2
S01404,2025-01-04,P002,Memphis Audio,Amplificador,2,3299,0.05,6268.1,2668.1
S01405,2025-01-04,P003,Memphis Audio,Amplificador,2,4499,0.05,8548.1,3748.1
S01406,2025-01-04,P004,Rockford Fosgate,Subwoofer,2,3999,0.0,7998.0,3598.0
S01407,2025-01-04,P008,Pioneer,Bocinas,1,699,0.1,629.1,279.1
S01408,2025-01-04,P016,KBT Electronics,Amplificador,3,1799,0.0,5397.0,2547.0
S01409,2025-01-04,P017,Stinger,Accesorios,1,349,0.05,331.55,151.55
S01410,2025-01-05,P010,JBL,Subwoofer,2,1999,0.1,3598.2,1398.2
S01411,2025-01-05,P011,JBL,Bocinas,1,999,0.0,999.0,499.0
S01412,2025-01-05,P013,Cerwin Vega,Subwoofer,2,1799,0.05,3418.1,1518.1
S01413,2025-01-05,P015,KBT Electronics,Head Unit,3,2199,0.0,6597.0,2997.0
S01414,2025-01-05,P018,Stinger,Accesorios,3,249,0.0,747.0,387.0
S01415,2025-01-06,P001,Memphis Audio,Subwoofer,2,2199,0.0,4398.0,1998.0
S01416,2025-01-06,P009,Pioneer,Subwoofer,2,1699,0.0,3398.0,1598.0
S01417,2025-01-07,P005,Rockford Fosgate,Amplificador,3,2899,0.0,8697.0,3897.0
S01418,2025-01-07,P009,Pioneer,Subwoofer,2,1699,0.0,3398.0,1598.0
S01419,2025-01-08,P004,Rockford Fosgate,Subwoofer,1,3999,0.0,3999.0,1799.0
S01420,2025-01-08,P011,JBL,Bocinas,2,999,0.0,1998.0,998.0
S01421,2025-01-08,P017,Stinger,Accesorios,1,349,0.0,349.0,169.0
S01422,2025-01-08,P018,Stinger,Accesorios,2,249,0.0,498.0,258.0
S01423,2025-01-09,P003,Memphis Audio,Amplificador,3,4499,0.0,13497.0,6297.0
S01424,2025-01-09,P011,JBL,Bocinas,2,999,0.05,1898.1,898.1
S01425,2025-01-09,P018,Stinger,Accesorios,1,249,0.0,249.0,129.0
S01426,2025-01-10,P001,Memphis Audio,Subwoofer,1,2199,0.1,1979.1,779.1
S01427,2025-01-10,P003,Memphis Audio,Amplificador,1,4499,0.0,4499.0,2099.0
S01428,2025-01-10,P008,Pioneer,Bocinas,3,699,0.0,2097.0,1047.0
S01429,2025-01-10,P015,KBT Electronics,Head Unit,1,2199,0.1,1979.1,779.1
S01430,2025-01-11,P001,Memphis Audio,Subwoofer,3,2199,0.0,6597.0,2997.0
S01431,2025-01-11,P008,Pioneer,Bocinas,2,699,0.0,1398.0,698.0
S01432,2025-01-11,P009,Pioneer,Subwoofer,1,1699,0.1,1529.1,629.1
S01433,2025-01-11,P012,JBL,Amplificador,1,2399,0.05,2279.05,979.05
S01434,2025-01-11,P013,Cerwin Vega,Subwoofer,1,1799,0.1,1619.1,669.1
S01435,2025-01-11,P020,Soundskins,Accesorios,3,699,0.0,2097.0,1047.0
S01436,2025-01-12,P007,Pioneer,Head Unit,2,4999,0.0,9998.0,4398.0
S01437,2025-01-12,P014,Cerwin Vega,Bocinas,3,849,0.1,2292.3,1032.3
S01438,2025-01-12,P016,KBT Electronics,Amplificador,2,1799,0.0,3598.0,1698.0
S01439,2025-01-12,P018,Stinger,Accesorios,2,249,0.0,498.0,258.0
S01440,2025-01-12,P019,Soundskins,Accesorios,3,549,0.05,1564.65,724.65
S01441,2025-01-13,P019,Soundskins,Accesorios,3,549,0.0,1647.0,807.0
S01442,2025-01-14,P001,Memphis Audio,Subwoofer,2,2199,0.1,3958.2,1558.2
S01443,2025-01-14,P016,KBT Electronics,Amplificador,1,1799,0.0,1799.0,849.0
S01444,2025-01-14,P019,Soundskins,Accesorios,2,549,0.0,1098.0,538.0
S01445,2025-01-15,P002,Memphis Audio,Amplificador,2,3299,0.0,6598.0,2998.0
S01446,2025-01-15,P008,Pioneer,Bocinas,1,699,0.0,699.0,349.0
S01447,2025-01-15,P009,Pioneer,Subwoofer,3,1699,0.0,5097.0,2397.0
S01448,2025-01-15,P013,Cerwin Vega,Subwoofer,2,1799,0.0,3598.0,1698.0
S01449,2025-01-15,P018,Stinger,Accesorios,2,249,0.0,498.0,258.0
S01450,2025-01-15,P020,Soundskins,Accesorios,2,699,0.0,1398.0,698.0
S01451,2025-01-16,P014,Cerwin Vega,Bocinas,3,849,0.05,2419.65,1159.65
S01452,2025-01-17,P004,Rockford Fosgate,Subwoofer,2,3999,0.0,7998.0,3598.0
S01453,2025-01-17,P010,JBL,Subwoofer,3,1999,0.1,5397.3,2097.3
S01454,2025-01-17,P012,JBL,Amplificador,2,2399,0.0,4798.0,2198.0
S01455,2025-01-17,P014,Cerwin Vega,Bocinas,3,849,0.05,2419.65,1159.65
S01456,2025-01-17,P016,KBT Electronics,Amplificador,2,1799,0.0,3598.0,1698.0
S01457,2025-01-17,P018,Stinger,Accesorios,2,249,0.1,448.2,208.2
S01458,2025-01-18,P001,Memphis Audio,Subwoofer,3,2199,0.1,5937.3,2337.3
S01459,2025-01-18,P004,Rockford Fosgate,Subwoofer,1,3999,0.1,3599.1,1399.1
S01460,2025-01-18,P005,Rockford Fosgate,Amplificador,3,2899,0.05,8262.15,3462.15
S01461,2025-01-18,P006,Rockford Fosgate,Subwoofer,3,2599,0.0,7797.0,3597.0
S01462,2025-01-18,P010,JBL,Subwoofer,2,1999,0.1,3598.2,1398.2
S01463,2025-01-18,P012,JBL,Amplificador,1,2399,0.0,2399.0,1099.0
S01464,2025-01-18,P014,Cerwin Vega,Bocinas,1,849,0.0,849.0,429.0
S01465,2025-01-18,P019,Soundskins,Accesorios,1,549,0.0,549.0,269.0
S01466,2025-01-19,P011,JBL,Bocinas,3,999,0.0,2997.0,1497.0
S01467,2025-01-20,P003,Memphis Audio,Amplificador,2,4499,0.05,8548.1,3748.1
S01468,2025-01-20,P004,Rockford Fosgate,Subwoofer,2,3999,0.05,7598.1,3198.1
S01469,2025-01-20,P005,Rockford Fosgate,Amplificador,2,2899,0.0,5798.0,2598.0
S01470,2025-01-20,P007,Pioneer,Head Unit,3,4999,0.1,13497.3,5097.3
S01471,2025-01-20,P011,JBL,Bocinas,3,999,0.05,2847.15,1347.15
S01472,2025-01-20,P020,Soundskins,Accesorios,3,699,0.0,2097.0,1047.0
S01473,2025-01-21,P019,Soundskins,Accesorios,2,549,0.1,988.2,428.2
S01474,2025-01-22,P004,Rockford Fosgate,Subwoofer,3,3999,0.0,11997.0,5397.0
S01475,2025-01-22,P014,Cerwin Vega,Bocinas,1,849,0.05,806.55,386.55
S01476,2025-01-22,P017,Stinger,Accesorios,3,349,0.0,1047.0,507.0
S01477,2025-01-22,P018,Stinger,Accesorios,3,249,0.0,747.0,387.0
S01478,2025-01-23,P002,Memphis Audio,Amplificador,1,3299,0.0,3299.0,1499.0
S01479,2025-01-23,P003,Memphis Audio,Amplificador,2,4499,0.05,8548.1,3748.1
S01480,2025-01-23,P004,Rockford Fosgate,Subwoofer,3,3999,0.1,10797.3,4197.3
S01481,2025-01-23,P014,Cerwin Vega,Bocinas,1,849,0.0,849.0,429.0
S01482,2025-01-24,P001,Memphis Audio,Subwoofer,1,2199,0.1,1979.1,779.1
S01483,2025-01-24,P009,Pioneer,Subwoofer,1,1699,0.05,1614.05,714.05
S01484,2025-01-24,P012,JBL,Amplificador,1,2399,0.0,2399.0,1099.0
S01485,2025-01-25,P004,Rockford Fosgate,Subwoofer,1,3999,0.0,3999.0,1799.0
S01486,2025-01-25,P005,Rockford Fosgate,Amplificador,3,2899,0.0,8697.0,3897.0
S01487,2025-01-25,P010,JBL,Subwoofer,3,1999,0.0,5997.0,2697.0
S01488,2025-01-25,P015,KBT Electronics,Head Unit,2,2199,0.0,4398.0,1998.0
S01489,2025-01-25,P018,Stinger,Accesorios,1,249,0.1,224.1,104.1
S01490,2025-01-26,P003,Memphis Audio,Amplificador,2,4499,0.0,8998.0,4198.0
S01491,2025-01-26,P010,JBL,Subwoofer,2,1999,0.1,3598.2,1398.2
S01492,2025-01-26,P017,Stinger,Accesorios,2,349,0.1,628.2,268.2
S01493,2025-01-26,P018,Stinger,Accesorios,2,249,0.05,473.1,233.1
S01494,2025-01-27,P004,Rockford Fosgate,Subwoofer,1,3999,0.1,3599.1,1399.1
S01495,2025-01-27,P008,Pioneer,Bocinas,2,699,0.0,1398.0,698.0
S01496,2025-01-27,P011,JBL,Bocinas,3,999,0.05,2847.15,1347.15
S01497,2025-01-27,P013,Cerwin Vega,Subwoofer,1,1799,0.1,1619.1,669.1
S01498,2025-01-27,P018,Stinger,Accesorios,1,249,0.0,249.0,129.0
S01499,2025-01-28,P006,Rockford Fosgate,Subwoofer,3,2599,0.0,7797.0,3597.0
S01500,2025-01-28,P008,Pioneer,Bocinas,1,699,0.05,664.05,314.05
S01501,2025-01-28,P010,JBL,Subwoofer,2,1999,0.1,3598.2,1398.2
S01502,2025-01-28,P017,Stinger,Accesorios,2,349,0.1,628.2,268.2
S01503,2025-01-29,P012,JBL,Amplificador,2,2399,0.05,4558.1,1958.1
S01504,2025-01-29,P017,Stinger,Accesorios,3,349,0.0,1047.0,507.0
S01505,2025-01-29,P020,Soundskins,Accesorios,3,699,0.0,2097.0,1047.0
S01506,2025-01-30,P001,Memphis Audio,Subwoofer,1,2199,0.05,2089.05,889.05
S01507,2025-01-30,P004,Rockford Fosgate,Subwoofer,2,3999,0.0,7998.0,3598.0
S01508,2025-01-30,P009,Pioneer,Subwoofer,3,1699,0.05,4842.15,2142.15
S01509,2025-01-30,P013,Cerwin Vega,Subwoofer,1,1799,0.05,1709.05,759.05
S01510,2025-01-30,P016,KBT Electronics,Amplificador,2,1799,0.0,3598.0,1698.0
S01511,2025-01-30,P019,Soundskins,Accesorios,3,549,0.0,1647.0,807.0
S01512,2025-01-31,P011,JBL,Bocinas,1,999,0.1,899.1,399.1
S01513,2025-02-01,P001,Memphis Audio,Subwoofer,2,2199,0.05,4178.1,1778.1
S01514,2025-02-01,P004,Rockford Fosgate,Subwoofer,1,3999,0.0,3999.0,1799.0
S01515,2025-02-01,P007,Pioneer,Head Unit,1,4999,0.1,4499.1,1699.1
S01516,2025-02-01,P010,JBL,Subwoofer,2,1999,0.0,3998.0,1798.0
S01517,2025-02-01,P015,KBT Electronics,Head Unit,2,2199,0.1,3958.2,1558.2
S01518,2025-02-01,P020,Soundskins,Accesorios,1,699,0.05,664.05,314.05
S01519,2025-02-02,P001,Memphis Audio,Subwoofer,2,2199,0.05,4178.1,1778.1
S01520,2025-02-02,P006,Rockford Fosgate,Subwoofer,3,2599,0.1,7017.3,2817.3
S01521,2025-02-02,P008,Pioneer,Bocinas,1,699,0.0,699.0,349.0
S01522,2025-02-02,P012,JBL,Amplificador,3,2399,0.0,7197.0,3297.0
S01523,2025-02-02,P013,Cerwin Vega,Subwoofer,3,1799,0.0,5397.0,2547.0
S01524,2025-02-03,P005,Rockford Fosgate,Amplificador,2,2899,0.1,5218.2,2018.2
S01525,2025-02-03,P009,Pioneer,Subwoofer,2,1699,0.0,3398.0,1598.0
S01526,2025-02-03,P018,Stinger,Accesorios,2,249,0.1,448.2,208.2
S01527,2025-02-04,P007,Pioneer,Head Unit,1,4999,0.1,4499.1,1699.1
S01528,2025-02-04,P008,Pioneer,Bocinas,3,699,0.0,2097.0,1047.0
S01529,2025-02-04,P017,Stinger,Accesorios,3,349,0.0,1047.0,507.0
S01530,2025-02-04,P020,Soundskins,Accesorios,1,699,0.0,699.0,349.0
S01531,2025-02-05,P006,Rockford Fosgate,Subwoofer,3,2599,0.0,7797.0,3597.0
S01532,2025-02-06,P004,Rockford Fosgate,Subwoofer,3,3999,0.1,10797.3,4197.3
S01533,2025-02-06,P005,Rockford Fosgate,Amplificador,2,2899,0.05,5508.1,2308.1
S01534,2025-02-06,P011,JBL,Bocinas,3,999,0.0,2997.0,1497.0
S01535,2025-02-06,P019,Soundskins,Accesorios,2,549,0.1,988.2,428.2
S01536,2025-02-07,P006,Rockford Fosgate,Subwoofer,1,2599,0.05,2469.05,1069.05
S01537,2025-02-07,P011,JBL,Bocinas,1,999,0.05,949.05,449.05
S01538,2025-02-07,P012,JBL,Amplificador,1,2399,0.0,2399.0,1099.0
S01539,2025-02-07,P013,Cerwin Vega,Subwoofer,3,1799,0.05,5127.15,2277.15
S01540,2025-02-07,P019,Soundskins,Accesorios,2,549,0.1,988.2,428.2
S01541,2025-02-08,P001,Memphis Audio,Subwoofer,3,2199,0.0,6597.0,2997.0
S01542,2025-02-08,P002,Memphis Audio,Amplificador,2,3299,0.05,6268.1,2668.1
S01543,2025-02-08,P014,Cerwin Vega,Bocinas,1,849,0.1,764.1,344.1
S01544,2025-02-08,P019,Soundskins,Accesorios,3,549,0.1,1482.3,642.3
S01545,2025-02-09,P004,Rockford Fosgate,Subwoofer,3,3999,0.1,10797.3,4197.3
S01546,2025-02-09,P010,JBL,Subwoofer,1,1999,0.0,1999.0,899.0
S01547,2025-02-09,P018,Stinger,Accesorios,2,249,0.0,498.0,258.0
S01548,2025-02-09,P019,Soundskins,Accesorios,2,549,0.05,1043.1,483.1
S01549,2025-02-10,P008,Pioneer,Bocinas,1,699,0.1,629.1,279.1
S01550,2025-02-10,P011,JBL,Bocinas,1,999,0.1,899.1,399.1
S01551,2025-02-11,P001,Memphis Audio,Subwoofer,2,2199,0.0,4398.0,1998.0
S01552,2025-02-11,P008,Pioneer,Bocinas,1,699,0.0,699.0,349.0
S01553,2025-02-11,P010,JBL,Subwoofer,2,1999,0.0,3998.0,1798.0
S01554,2025-02-11,P013,Cerwin Vega,Subwoofer,1,1799,0.1,1619.1,669.1
S01555,2025-02-11,P018,Stinger,Accesorios,3,249,0.0,747.0,387.0
S01556,2025-02-11,P020,Soundskins,Accesorios,1,699,0.1,629.1,279.1
S01557,2025-02-12,P005,Rockford Fosgate,Amplificador,3,2899,0.0,8697.0,3897.0
S01558,2025-02-12,P017,Stinger,Accesorios,3,349,0.0,1047.0,507.0
S01559,2025-02-12,P018,Stinger,Accesorios,1,249,0.05,236.55,116.55
S01560,2025-02-13,P018,Stinger,Accesorios,1,249,0.0,249.0,129.0
S01561,2025-02-14,P008,Pioneer,Bocinas,2,699,0.05,1328.1,628.1
S01562,2025-02-14,P011,JBL,Bocinas,2,999,0.1,1798.2,798.2
S01563,2025-02-15,P002,Memphis Audio,Amplificador,2,3299,0.0,6598.0,2998.0
S01564,2025-02-15,P008,Pioneer,Bocinas,1,699,0.0,699.0,349.0
S01565,2025-02-15,P013,Cerwin Vega,Subwoofer,3,1799,0.0,5397.0,2547.0
S01566,2025-02-15,P015,KBT Electronics,Head Unit,3,2199,0.0,6597.0,2997.0
S01567,2025-02-16,P013,Cerwin Vega,Subwoofer,1,1799,0.1,1619.1,669.1
S01568,2025-02-16,P014,Cerwin Vega,Bocinas,2,849,0.05,1613.1,773.1
S01569,2025-02-16,P015,KBT Electronics,Head Unit,2,2199,0.0,4398.0,1998.0
S01570,2025-02-16,P016,KBT Electronics,Amplificador,3,1799,0.0,5397.0,2547.0
S01571,2025-02-16,P017,Stinger,Accesorios,3,349,0.0,1047.0,507.0
S01572,2025-02-17,P004,Rockford Fosgate,Subwoofer,3,3999,0.05,11397.15,4797.15
S01573,2025-02-17,P005,Rockford Fosgate,Amplificador,3,2899,0.1,7827.3,3027.3
S01574,2025-02-17,P015,KBT Electronics,Head Unit,2,2199,0.05,4178.1,1778.1
S01575,2025-02-18,P001,Memphis Audio,Subwoofer,2,2199,0.1,3958.2,1558.2
S01576,2025-02-18,P014,Cerwin Vega,Bocinas,1,849,0.05,806.55,386.55
S01577,2025-02-19,P001,Memphis Audio,Subwoofer,1,2199,0.0,2199.0,999.0
S01578,2025-02-19,P019,Soundskins,Accesorios,3,549,0.0,1647.0,807.0
S01579,2025-02-20,P010,JBL,Subwoofer,1,1999,0.05,1899.05,799.05
S01580,2025-02-20,P019,Soundskins,Accesorios,2,549,0.05,1043.1,483.1
S01581,2025-02-20,P020,Soundskins,Accesorios,3,699,0.05,1992.15,942.15
S01582,2025-02-21,P001,Memphis Audio,Subwoofer,3,2199,0.05,6267.15,2667.15
S01583,2025-02-22,P004,Rockford Fosgate,Subwoofer,3,3999,0.05,11397.15,4797.15
S01584,2025-02-22,P005,Rockford Fosgate,Amplificador,2,2899,0.0,5798.0,2598.0
S01585,2025-02-22,P006,Rockford Fosgate,Subwoofer,1,2599,0.0,2599.0,1199.0
S01586,2025-02-22,P008,Pioneer,Bocinas,3,699,0.0,2097.0,1047.0
S01587,2025-02-22,P011,JBL,Bocinas,2,999,0.1,1798.2,798.2
S01588,2025-02-23,P008,Pioneer,Bocinas,1,699,0.0,699.0,349.0
S01589,2025-02-23,P012,JBL,Amplificador,3,2399,0.1,6477.3,2577.3
S01590,2025-02-24,P003,Memphis Audio,Amplificador,1,4499,0.0,4499.0,2099.0
S01591,2025-02-24,P004,Rockford Fosgate,Subwoofer,3,3999,0.0,11997.0,5397.0
S01592,2025-02-24,P007,Pioneer,Head Unit,1,4999,0.0,4999.0,2199.0
S01593,2025-02-24,P008,Pioneer,Bocinas,2,699,0.05,1328.1,628.1
S01594,2025-02-25,P014,Cerwin Vega,Bocinas,2,849,0.05,1613.1,773.1
S01595,2025-02-26,P013,Cerwin Vega,Subwoofer,2,1799,0.0,3598.0,1698.0
S01596,2025-02-26,P020,Soundskins,Accesorios,3,699,0.0,2097.0,1047.0
S01597,2025-02-27,P010,JBL,Subwoofer,1,1999,0.1,1799.1,699.1
S01598,2025-02-27,P018,Stinger,Accesorios,3,249,0.0,747.0,387.0
S01599,2025-02-28,P013,Cerwin Vega,Subwoofer,3,1799,0.05,5127.15,2277.15
S01600,2025-02-28,P016,KBT Electronics,Amplificador,1,1799,0.1,1619.1,669.1
S01601,2025-02-28,P017,Stinger,Accesorios,2,349,0.0,698.0,338.0
S01602,2025-02-28,P018,Stinger,Accesorios,1,249,0.0,249.0,129.0
S01603,2025-03-01,P007,Pioneer,Head Unit,2,4999,0.1,8998.2,3398.2
S01604,2025-03-01,P009,Pioneer,Subwoofer,2,1699,0.0,3398.0,1598.0
S01605,2025-03-01,P010,JBL,Subwoofer,1,1999,0.0,1999.0,899.0
S01606,2025-03-01,P017,Stinger,Accesorios,2,349,0.05,663.1,303.1
S01607,2025-03-01,P018,Stinger,Accesorios,3,249,0.0,747.0,387.0
S01608,2025-03-02,P013,Cerwin Vega,Subwoofer,2,1799,0.0,3598.0,1698.0
S01609,2025-03-03,P003,Memphis Audio,Amplificador,3,4499,0.05,12822.15,5622.15
S01610,2025-03-03,P004,Rockford Fosgate,Subwoofer,3,3999,0.0,11997.0,5397.0
S01611,2025-03-04,P009,Pioneer,Subwoofer,2,1699,0.0,3398.0,1598.0
S01612,2025-03-04,P010,JBL,Subwoofer,2,1999,0.0,3998.0,1798.0
S01613,2025-03-05,P009,Pioneer,Subwoofer,1,1699,0.1,1529.1,629.1
S01614,2025-03-05,P010,JBL,Subwoofer,2,1999,0.0,3998.0,1798.0
S01615,2025-03-05,P013,Cerwin Vega,Subwoofer,3,1799,0.0,5397.0,2547.0
S01616,2025-03-05,P018,Stinger,Accesorios,3,249,0.0,747.0,387.0
S01617,2025-03-05,P019,Soundskins,Accesorios,2,549,0.0,1098.0,538.0
S01618,2025-03-06,P006,Rockford Fosgate,Subwoofer,1,2599,0.0,2599.0,1199.0
S01619,2025-03-06,P009,Pioneer,Subwoofer,1,1699,0.0,1699.0,799.0
S01620,2025-03-06,P015,KBT Electronics,Head Unit,1,2199,0.0,2199.0,999.0
S01621,2025-03-06,P016,KBT Electronics,Amplificador,3,1799,0.05,5127.15,2277.15
S01622,2025-03-07,P003,Memphis Audio,Amplificador,1,4499,0.0,4499.0,2099.0
S01623,2025-03-07,P005,Rockford Fosgate,Amplificador,2,2899,0.0,5798.0,2598.0
S01624,2025-03-07,P010,JBL,Subwoofer,2,1999,0.1,3598.2,1398.2
S01625,2025-03-07,P011,JBL,Bocinas,3,999,0.0,2997.0,1497.0
S01626,2025-03-07,P020,Soundskins,Accesorios,1,699,0.0,699.0,349.0
S01627,2025-03-08,P001,Memphis Audio,Subwoofer,2,2199,0.0,4398.0,1998.0
S01628,2025-03-08,P008,Pioneer,Bocinas,2,699,0.0,1398.0,698.0
S01629,2025-03-08,P009,Pioneer,Subwoofer,3,1699,0.1,4587.3,1887.3
S01630,2025-03-08,P012,JBL,Amplificador,3,2399,0.0,7197.0,3297.0
S01631,2025-03-08,P016,KBT Electronics,Amplificador,1,1799,0.1,1619.1,669.1
S01632,2025-03-08,P019,Soundskins,Accesorios,3,549,0.05,1564.65,724.65
S01633,2025-03-09,P001,Memphis Audio,Subwoofer,2,2199,0.0,4398.0,1998.0
S01634,2025-03-09,P003,Memphis Audio,Amplificador,2,4499,0.1,8098.2,3298.2
S01635,2025-03-09,P014,Cerwin Vega,Bocinas,2,849,0.1,1528.2,688.2
S01636,2025-03-10,P001,Memphis Audio,Subwoofer,2,2199,0.05,4178.1,1778.1
S01637,2025-03-10,P012,JBL,Amplificador,2,2399,0.0,4798.0,2198.0
S01638,2025-03-10,P016,KBT Electronics,Amplificador,3,1799,0.05,5127.15,2277.15
S01639,2025-03-10,P018,Stinger,Accesorios,1,249,0.0,249.0,129.0
S01640,2025-03-11,P011,JBL,Bocinas,2,999,0.0,1998.0,998.0
S01641,2025-03-11,P018,Stinger,Accesorios,3,249,0.0,747.0,387.0
S01642,2025-03-11,P020,Soundskins,Accesorios,3,699,0.0,2097.0,1047.0
S01643,2025-03-12,P003,Memphis Audio,Amplificador,2,4499,0.0,8998.0,4198.0
S01644,2025-03-12,P011,JBL,Bocinas,3,999,0.05,2847.15,1347.15
S01645,2025-03-12,P018,Stinger,Accesorios,2,249,0.0,498.0,258.0
S01646,2025-03-13,P002,Memphis Audio,Amplificador,2,3299,0.0,6598.0,2998.0
S01647,2025-03-13,P007,Pioneer,Head Unit,1,4999,0.0,4999.0,2199.0
S01648,2025-03-14,P011,JBL,Bocinas,2,999,0.1,1798.2,798.2
S01649,2025-03-14,P013,Cerwin Vega,Subwoofer,3,1799,0.1,4857.3,2007.3
S01650,2025-03-14,P018,Stinger,Accesorios,3,249,0.1,672.3,312.3
S01651,2025-03-14,P019,Soundskins,Accesorios,2,549,0.1,988.2,428.2
S01652,2025-03-15,P002,Memphis Audio,Amplificador,2,3299,0.1,5938.2,2338.2
S01653,2025-03-15,P009,Pioneer,Subwoofer,2,1699,0.0,3398.0,1598.0
S01654,2025-03-15,P010,JBL,Subwoofer,1,1999,0.1,1799.1,699.1
S01655,2025-03-15,P018,Stinger,Accesorios,3,249,0.0,747.0,387.0
S01656,2025-03-16,P001,Memphis Audio,Subwoofer,3,2199,0.0,6597.0,2997.0
S01657,2025-03-16,P009,Pioneer,Subwoofer,1,1699,0.05,1614.05,714.05
S01658,2025-03-16,P014,Cerwin Vega,Bocinas,1,849,0.05,806.55,386.55
S01659,2025-03-16,P018,Stinger,Accesorios,1,249,0.1,224.1,104.1
S01660,2025-03-16,P019,Soundskins,Accesorios,3,549,0.1,1482.3,642.3
S01661,2025-03-17,P001,Memphis Audio,Subwoofer,3,2199,0.05,6267.15,2667.15
S01662,2025-03-17,P007,Pioneer,Head Unit,2,4999,0.0,9998.0,4398.0
S01663,2025-03-17,P014,Cerwin Vega,Bocinas,2,849,0.0,1698.0,858.0
S01664,2025-03-18,P009,Pioneer,Subwoofer,3,1699,0.0,5097.0,2397.0
S01665,2025-03-18,P014,Cerwin Vega,Bocinas,3,849,0.0,2547.0,1287.0
S01666,2025-03-19,P010,JBL,Subwoofer,2,1999,0.0,3998.0,1798.0
S01667,2025-03-19,P016,KBT Electronics,Amplificador,1,1799,0.0,1799.0,849.0
S01668,2025-03-20,P019,Soundskins,Accesorios,1,549,0.0,549.0,269.0
S01669,2025-03-21,P001,Memphis Audio,Subwoofer,2,2199,0.1,3958.2,1558.2
S01670,2025-03-21,P016,KBT Electronics,Amplificador,1,1799,0.1,1619.1,669.1
S01671,2025-03-22,P005,Rockford Fosgate,Amplificador,2,2899,0.0,5798.0,2598.0
S01672,2025-03-22,P017,Stinger,Accesorios,1,349,0.0,349.0,169.0
S01673,2025-03-22,P018,Stinger,Accesorios,1,249,0.0,249.0,129.0
S01674,2025-03-23,P001,Memphis Audio,Subwoofer,1,2199,0.0,2199.0,999.0
S01675,2025-03-23,P005,Rockford Fosgate,Amplificador,3,2899,0.1,7827.3,3027.3
S01676,2025-03-23,P009,Pioneer,Subwoofer,3,1699,0.0,5097.0,2397.0
S01677,2025-03-23,P016,KBT Electronics,Amplificador,1,1799,0.05,1709.05,759.05
S01678,2025-03-23,P018,Stinger,Accesorios,2,249,0.0,498.0,258.0
S01679,2025-03-24,P004,Rockford Fosgate,Subwoofer,3,3999,0.0,11997.0,5397.0
S01680,2025-03-24,P006,Rockford Fosgate,Subwoofer,1,2599,0.0,2599.0,1199.0
S01681,2025-03-24,P008,Pioneer,Bocinas,2,699,0.0,1398.0,698.0
S01682,2025-03-24,P013,Cerwin Vega,Subwoofer,1,1799,0.0,1799.0,849.0
S01683,2025-03-24,P015,KBT Electronics,Head Unit,2,2199,0.0,4398.0,1998.0
S01684,2025-03-24,P018,Stinger,Accesorios,3,249,0.0,747.0,387.0
S01685,2025-03-25,P001,Memphis Audio,Subwoofer,2,2199,0.0,4398.0,1998.0
S01686,2025-03-26,P003,Memphis Audio,Amplificador,1,4499,0.05,4274.05,1874.05
S01687,2025-03-26,P004,Rockford Fosgate,Subwoofer,3,3999,0.05,11397.15,4797.15
S01688,2025-03-26,P009,Pioneer,Subwoofer,2,1699,0.0,3398.0,1598.0
S01689,2025-03-26,P019,Soundskins,Accesorios,2,549,0.1,988.2,428.2
S01690,2025-03-27,P006,Rockford Fosgate,Subwoofer,3,2599,0.0,7797.0,3597.0
S01691,2025-03-28,P005,Rockford Fosgate,Amplificador,2,2899,0.0,5798.0,2598.0
S01692,2025-03-28,P011,JBL,Bocinas,3,999,0.0,2997.0,1497.0
S01693,2025-03-28,P020,Soundskins,Accesorios,1,699,0.1,629.1,279.1
S01694,2025-03-29,P003,Memphis Audio,Amplificador,1,4499,0.0,4499.0,2099.0
S01695,2025-03-29,P009,Pioneer,Subwoofer,3,1699,0.05,4842.15,2142.15
S01696,2025-03-29,P016,KBT Electronics,Amplificador,3,1799,0.0,5397.0,2547.0
S01697,2025-03-29,P020,Soundskins,Accesorios,1,699,0.0,699.0,349.0
S01698,2025-03-30,P004,Rockford Fosgate,Subwoofer,1,3999,0.1,3599.1,1399.1
S01699,2025-03-30,P006,Rockford Fosgate,Subwoofer,1,2599,0.05,2469.05,1069.05
S01700,2025-03-30,P013,Cerwin Vega,Subwoofer,1,1799,0.0,1799.0,849.0
S01701,2025-03-30,P018,Stinger,Accesorios,2,249,0.05,473.1,233.1
S01702,2025-03-30,P019,Soundskins,Accesorios,2,549,0.0,1098.0,538.0
S01703,2025-03-30,P020,Soundskins,Accesorios,3,699,0.0,2097.0,1047.0
S01704,2025-03-31,P003,Memphis Audio,Amplificador,1,4499,0.05,4274.05,1874.05
S01705,2025-03-31,P008,Pioneer,Bocinas,3,699,0.0,2097.0,1047.0
S01706,2025-03-31,P009,Pioneer,Subwoofer,2,1699,0.0,3398.0,1598.0
S01707,2025-03-31,P016,KBT Electronics,Amplificador,1,1799,0.1,1619.1,669.1
S01708,2025-03-31,P017,Stinger,Accesorios,3,349,0.0,1047.0,507.0
S01709,2025-04-01,P001,Memphis Audio,Subwoofer,2,2199,0.1,3958.2,1558.2
S01710,2025-04-01,P004,Rockford Fosgate,Subwoofer,3,3999,0.05,11397.15,4797.15
S01711,2025-04-01,P009,Pioneer,Subwoofer,2,1699,0.0,3398.0,1598.0
S01712,2025-04-02,P001,Memphis Audio,Subwoofer,2,2199,0.05,4178.1,1778.1
S01713,2025-04-02,P017,Stinger,Accesorios,3,349,0.1,942.3,402.3
S01714,2025-04-02,P019,Soundskins,Accesorios,1,549,0.1,494.1,214.1
S01715,2025-04-03,P001,Memphis Audio,Subwoofer,2,2199,0.0,4398.0,1998.0
S01716,2025-04-03,P004,Rockford Fosgate,Subwoofer,2,3999,0.0,7998.0,3598.0
S01717,2025-04-03,P008,Pioneer,Bocinas,2,699,0.0,1398.0,698.0
S01718,2025-04-03,P017,Stinger,Accesorios,2,349,0.1,628.2,268.2
S01719,2025-04-03,P019,Soundskins,Accesorios,1,549,0.1,494.1,214.1
S01720,2025-04-04,P002,Memphis Audio,Amplificador,1,3299,0.0,3299.0,1499.0
S01721,2025-04-04,P009,Pioneer,Subwoofer,3,1699,0.0,5097.0,2397.0
S01722,2025-04-04,P013,Cerwin Vega,Subwoofer,2,1799,0.05,3418.1,1518.1
S01723,2025-04-05,P003,Memphis Audio,Amplificador,3,4499,0.05,12822.15,5622.15
S01724,2025-04-05,P005,Rockford Fosgate,Amplificador,2,2899,0.0,5798.0,2598.0
S01725,2025-04-05,P006,Rockford Fosgate,Subwoofer,1,2599,0.0,2599.0,1199.0
S01726,2025-04-05,P008,Pioneer,Bocinas,1,699,0.0,699.0,349.0
S01727,2025-04-05,P011,JBL,Bocinas,1,999,0.0,999.0,499.0
S01728,2025-04-05,P014,Cerwin Vega,Bocinas,1,849,0.0,849.0,429.0
S01729,2025-04-05,P019,Soundskins,Accesorios,1,549,0.0,549.0,269.0
S01730,2025-04-05,P020,Soundskins,Accesorios,1,699,0.0,699.0,349.0
S01731,2025-04-06,P005,Rockford Fosgate,Amplificador,1,2899,0.0,2899.0,1299.0
S01732,2025-04-06,P006,Rockford Fosgate,Subwoofer,2,2599,0.0,5198.0,2398.0
S01733,2025-04-06,P008,Pioneer,Bocinas,2,699,0.0,1398.0,698.0
S01734,2025-04-06,P012,JBL,Amplificador,1,2399,0.0,2399.0,1099.0
S01735,2025-04-06,P014,Cerwin Vega,Bocinas,2,849,0.0,1698.0,858.0
S01736,2025-04-06,P015,KBT Electronics,Head Unit,2,2199,0.05,4178.1,1778.1
S01737,2025-04-06,P019,Soundskins,Accesorios,3,549,0.0,1647.0,807.0
S01738,2025-04-07,P003,Memphis Audio,Amplificador,3,4499,0.1,12147.3,4947.3
S01739,2025-04-07,P012,JBL,Amplificador,1,2399,0.0,2399.0,1099.0
S01740,2025-04-08,P011,JBL,Bocinas,3,999,0.0,2997.0,1497.0
S01741,2025-04-08,P017,Stinger,Accesorios,3,349,0.0,1047.0,507.0
S01742,2025-04-09,P001,Memphis Audio,Subwoofer,2,2199,0.05,4178.1,1778.1
S01743,2025-04-10,P001,Memphis Audio,Subwoofer,2,2199,0.1,3958.2,1558.2
S01744,2025-04-10,P005,Rockford Fosgate,Amplificador,3,2899,0.0,8697.0,3897.0
S01745,2025-04-10,P006,Rockford Fosgate,Subwoofer,2,2599,0.0,5198.0,2398.0
S01746,2025-04-10,P009,Pioneer,Subwoofer,2,1699,0.0,3398.0,1598.0
S01747,2025-04-10,P019,Soundskins,Accesorios,3,549,0.0,1647.0,807.0
S01748,2025-04-11,P007,Pioneer,Head Unit,3,4999,0.0,14997.0,6597.0
S01749,2025-04-11,P011,JBL,Bocinas,1,999,0.0,999.0,499.0
S01750,2025-04-12,P001,Memphis Audio,Subwoofer,1,2199,0.05,2089.05,889.05
S01751,2025-04-12,P007,Pioneer,Head Unit,2,4999,0.0,9998.0,4398.0
S01752,2025-04-12,P008,Pioneer,Bocinas,3,699,0.1,1887.3,837.3
S01753,2025-04-12,P010,JBL,Subwoofer,3,1999,0.1,5397.3,2097.3
S01754,2025-04-12,P012,JBL,Amplificador,2,2399,0.0,4798.0,2198.0
S01755,2025-04-12,P013,Cerwin Vega,Subwoofer,1,1799,0.0,1799.0,849.0
S01756,2025-04-12,P018,Stinger,Accesorios,2,249,0.0,498.0,258.0
S01757,2025-04-12,P019,Soundskins,Accesorios,2,549,0.0,1098.0,538.0
S01758,2025-04-13,P001,Memphis Audio,Subwoofer,3,2199,0.1,5937.3,2337.3
S01759,2025-04-13,P003,Memphis Audio,Amplificador,2,4499,0.0,8998.0,4198.0
S01760,2025-04-13,P006,Rockford Fosgate,Subwoofer,1,2599,0.1,2339.1,939.1
S01761,2025-04-13,P008,Pioneer,Bocinas,3,699,0.1,1887.3,837.3
S01762,2025-04-13,P012,JBL,Amplificador,3,2399,0.1,6477.3,2577.3
S01763,2025-04-13,P014,Cerwin Vega,Bocinas,3,849,0.0,2547.0,1287.0
S01764,2025-04-13,P017,Stinger,Accesorios,2,349,0.0,698.0,338.0
S01765,2025-04-13,P020,Soundskins,Accesorios,3,699,0.05,1992.15,942.15
S01766,2025-04-14,P003,Memphis Audio,Amplificador,3,4499,0.1,12147.3,4947.3
S01767,2025-04-14,P011,JBL,Bocinas,1,999,0.0,999.0,499.0
S01768,2025-04-14,P020,Soundskins,Accesorios,3,699,0.05,1992.15,942.15
S01769,2025-04-15,P005,Rockford Fosgate,Amplificador,3,2899,0.05,8262.15,3462.15
S01770,2025-04-15,P017,Stinger,Accesorios,1,349,0.0,349.0,169.0
S01771,2025-04-16,P003,Memphis Audio,Amplificador,3,4499,0.05,12822.15,5622.15
S01772,2025-04-16,P012,JBL,Amplificador,3,2399,0.0,7197.0,3297.0
S01773,2025-04-16,P013,Cerwin Vega,Subwoofer,2,1799,0.0,3598.0,1698.0
S01774,2025-04-16,P016,KBT Electronics,Amplificador,2,1799,0.0,3598.0,1698.0
S01775,2025-04-17,P014,Cerwin Vega,Bocinas,2,849,0.0,1698.0,858.0
S01776,2025-04-18,P001,Memphis Audio,Subwoofer,3,2199,0.0,6597.0,2997.0
S01777,2025-04-19,P004,Rockford Fosgate,Subwoofer,1,3999,0.1,3599.1,1399.1
S01778,2025-04-19,P008,Pioneer,Bocinas,2,699,0.1,1258.2,558.2
S01779,2025-04-19,P010,JBL,Subwoofer,2,1999,0.0,3998.0,1798.0
S01780,2025-04-19,P018,Stinger,Accesorios,1,249,0.0,249.0,129.0
S01781,2025-04-20,P008,Pioneer,Bocinas,1,699,0.0,699.0,349.0
S01782,2025-04-20,P010,JBL,Subwoofer,3,1999,0.05,5697.15,2397.15
S01783,2025-04-21,P012,JBL,Amplificador,3,2399,0.0,7197.0,3297.0
S01784,2025-04-21,P015,KBT Electronics,Head Unit,3,2199,0.05,6267.15,2667.15
S01785,2025-04-21,P017,Stinger,Accesorios,3,349,0.0,1047.0,507.0
S01786,2025-04-22,P005,Rockford Fosgate,Amplificador,3,2899,0.05,8262.15,3462.15
S01787,2025-04-22,P012,JBL,Amplificador,2,2399,0.05,4558.1,1958.1
S01788,2025-04-22,P014,Cerwin Vega,Bocinas,3,849,0.0,2547.0,1287.0
S01789,2025-04-22,P015,KBT Electronics,Head Unit,3,2199,0.0,6597.0,2997.0
S01790,2025-04-23,P016,KBT Electronics,Amplificador,3,1799,0.0,5397.0,2547.0
S01791,2025-04-23,P019,Soundskins,Accesorios,1,549,0.1,494.1,214.1
S01792,2025-04-23,P020,Soundskins,Accesorios,2,699,0.0,1398.0,698.0
S01793,2025-04-24,P009,Pioneer,Subwoofer,1,1699,0.0,1699.0,799.0
S01794,2025-04-24,P018,Stinger,Accesorios,2,249,0.0,498.0,258.0
S01795,2025-04-25,P010,JBL,Subwoofer,3,1999,0.0,5997.0,2697.0
S01796,2025-04-25,P012,JBL,Amplificador,2,2399,0.0,4798.0,2198.0
S01797,2025-04-25,P016,KBT Electronics,Amplificador,2,1799,0.0,3598.0,1698.0
S01798,2025-04-25,P017,Stinger,Accesorios,3,349,0.1,942.3,402.3
S01799,2025-04-25,P019,Soundskins,Accesorios,1,549,0.0,549.0,269.0
S01800,2025-04-26,P004,Rockford Fosgate,Subwoofer,3,3999,0.0,11997.0,5397.0
S01801,2025-04-26,P010,JBL,Subwoofer,1,1999,0.05,1899.05,799.05
S01802,2025-04-26,P011,JBL,Bocinas,1,999,0.1,899.1,399.1
S01803,2025-04-26,P014,Cerwin Vega,Bocinas,2,849,0.0,1698.0,858.0
S01804,2025-04-26,P015,KBT Electronics,Head Unit,3,2199,0.0,6597.0,2997.0
S01805,2025-04-26,P017,Stinger,Accesorios,1,349,0.05,331.55,151.55
S01806,2025-04-26,P018,Stinger,Accesorios,1,249,0.1,224.1,104.1
S01807,2025-04-27,P005,Rockford Fosgate,Amplificador,3,2899,0.0,8697.0,3897.0
S01808,2025-04-27,P010,JBL,Subwoofer,2,1999,0.0,3998.0,1798.0
S01809,2025-04-27,P018,Stinger,Accesorios,3,249,0.0,747.0,387.0
S01810,2025-04-28,P013,Cerwin Vega,Subwoofer,1,1799,0.05,1709.05,759.05
S01811,2025-04-28,P014,Cerwin Vega,Bocinas,3,849,0.05,2419.65,1159.65
S01812,2025-04-29,P002,Memphis Audio,Amplificador,1,3299,0.0,3299.0,1499.0
S01813,2025-04-29,P008,Pioneer,Bocinas,1,699,0.0,699.0,349.0
S01814,2025-04-29,P020,Soundskins,Accesorios,1,699,0.0,699.0,349.0
S01815,2025-04-30,P009,Pioneer,Subwoofer,2,1699,0.0,3398.0,1598.0
S01816,2025-04-30,P011,JBL,Bocinas,2,999,0.0,1998.0,998.0
S01817,2025-05-01,P001,Memphis Audio,Subwoofer,3,2199,0.0,6597.0,2997.0
S01818,2025-05-01,P013,Cerwin Vega,Subwoofer,2,1799,0.05,3418.1,1518.1
S01819,2025-05-02,P006,Rockford Fosgate,Subwoofer,2,2599,0.0,5198.0,2398.0
S01820,2025-05-02,P017,Stinger,Accesorios,1,349,0.05,331.55,151.55
S01821,2025-05-03,P003,Memphis Audio,Amplificador,1,4499,0.05,4274.05,1874.05
S01822,2025-05-03,P005,Rockford Fosgate,Amplificador,1,2899,0.05,2754.05,1154.05
S01823,2025-05-03,P006,Rockford Fosgate,Subwoofer,3,2599,0.0,7797.0,3597.0
S01824,2025-05-03,P010,JBL,Subwoofer,3,1999,0.0,5997.0,2697.0
S01825,2025-05-03,P016,KBT Electronics,Amplificador,1,1799,0.0,1799.0,849.0
S01826,2025-05-04,P001,Memphis Audio,Subwoofer,3,2199,0.0,6597.0,2997.0
S01827,2025-05-04,P003,Memphis Audio,Amplificador,2,4499,0.1,8098.2,3298.2
S01828,2025-05-04,P004,Rockford Fosgate,Subwoofer,1,3999,0.0,3999.0,1799.0
S01829,2025-05-04,P007,Pioneer,Head Unit,2,4999,0.0,9998.0,4398.0
S01830,2025-05-04,P011,JBL,Bocinas,3,999,0.0,2997.0,1497.0
S01831,2025-05-04,P012,JBL,Amplificador,3,2399,0.0,7197.0,3297.0
S01832,2025-05-04,P019,Soundskins,Accesorios,1,549,0.0,549.0,269.0
S01833,2025-05-04,P020,Soundskins,Accesorios,1,699,0.1,629.1,279.1
S01834,2025-05-05,P001,Memphis Audio,Subwoofer,2,2199,0.1,3958.2,1558.2
S01835,2025-05-05,P002,Memphis Audio,Amplificador,1,3299,0.0,3299.0,1499.0
S01836,2025-05-05,P004,Rockford Fosgate,Subwoofer,3,3999,0.05,11397.15,4797.15
S01837,2025-05-05,P017,Stinger,Accesorios,3,349,0.0,1047.0,507.0
S01838,2025-05-06,P008,Pioneer,Bocinas,2,699,0.1,1258.2,558.2
S01839,2025-05-06,P011,JBL,Bocinas,3,999,0.0,2997.0,1497.0
S01840,2025-05-07,P001,Memphis Audio,Subwoofer,3,2199,0.0,6597.0,2997.0
S01841,2025-05-08,P009,Pioneer,Subwoofer,1,1699,0.05,1614.05,714.05
S01842,2025-05-08,P018,Stinger,Accesorios,2,249,0.05,473.1,233.1
S01843,2025-05-09,P007,Pioneer,Head Unit,1,4999,0.0,4999.0,2199.0
S01844,2025-05-09,P008,Pioneer,Bocinas,1,699,0.0,699.0,349.0
S01845,2025-05-09,P010,JBL,Subwoofer,2,1999,0.0,3998.0,1798.0
S01846,2025-05-09,P014,Cerwin Vega,Bocinas,3,849,0.0,2547.0,1287.0
S01847,2025-05-09,P020,Soundskins,Accesorios,3,699,0.0,2097.0,1047.0
S01848,2025-05-10,P002,Memphis Audio,Amplificador,2,3299,0.0,6598.0,2998.0
S01849,2025-05-10,P005,Rockford Fosgate,Amplificador,3,2899,0.05,8262.15,3462.15
S01850,2025-05-10,P010,JBL,Subwoofer,1,1999,0.05,1899.05,799.05
S01851,2025-05-10,P011,JBL,Bocinas,1,999,0.0,999.0,499.0
S01852,2025-05-11,P002,Memphis Audio,Amplificador,2,3299,0.1,5938.2,2338.2
S01853,2025-05-11,P005,Rockford Fosgate,Amplificador,2,2899,0.0,5798.0,2598.0
S01854,2025-05-11,P006,Rockford Fosgate,Subwoofer,3,2599,0.0,7797.0,3597.0
S01855,2025-05-11,P009,Pioneer,Subwoofer,3,1699,0.0,5097.0,2397.0
S01856,2025-05-11,P014,Cerwin Vega,Bocinas,3,849,0.05,2419.65,1159.65
S01857,2025-05-11,P015,KBT Electronics,Head Unit,3,2199,0.05,6267.15,2667.15
S01858,2025-05-11,P018,Stinger,Accesorios,3,249,0.0,747.0,387.0
S01859,2025-05-12,P001,Memphis Audio,Subwoofer,2,2199,0.0,4398.0,1998.0
S01860,2025-05-12,P002,Memphis Audio,Amplificador,1,3299,0.0,3299.0,1499.0
S01861,2025-05-12,P011,JBL,Bocinas,3,999,0.0,2997.0,1497.0
S01862,2025-05-12,P013,Cerwin Vega,Subwoofer,2,1799,0.0,3598.0,1698.0
S01863,2025-05-12,P016,KBT Electronics,Amplificador,3,1799,0.0,5397.0,2547.0
S01864,2025-05-13,P011,JBL,Bocinas,3,999,0.0,2997.0,1497.0
S01865,2025-05-13,P014,Cerwin Vega,Bocinas,1,849,0.0,849.0,429.0
S01866,2025-05-13,P017,Stinger,Accesorios,3,349,0.0,1047.0,507.0
S01867,2025-05-13,P020,Soundskins,Accesorios,1,699,0.0,699.0,349.0
S01868,2025-05-14,P009,Pioneer,Subwoofer,1,1699,0.0,1699.0,799.0
S01869,2025-05-14,P013,Cerwin Vega,Subwoofer,1,1799,0.0,1799.0,849.0
S01870,2025-05-14,P014,Cerwin Vega,Bocinas,3,849,0.0,2547.0,1287.0
S01871,2025-05-14,P019,Soundskins,Accesorios,1,549,0.05,521.55,241.55
S01872,2025-05-15,P005,Rockford Fosgate,Amplificador,1,2899,0.1,2609.1,1009.1
S01873,2025-05-15,P006,Rockford Fosgate,Subwoofer,1,2599,0.0,2599.0,1199.0
S01874,2025-05-15,P011,JBL,Bocinas,1,999,0.0,999.0,499.0
S01875,2025-05-16,P009,Pioneer,Subwoofer,1,1699,0.05,1614.05,714.05
S01876,2025-05-16,P014,Cerwin Vega,Bocinas,3,849,0.05,2419.65,1159.65
S01877,2025-05-16,P015,KBT Electronics,Head Unit,3,2199,0.0,6597.0,2997.0
S01878,2025-05-17,P013,Cerwin Vega,Subwoofer,3,1799,0.0,5397.0,2547.0
S01879,2025-05-18,P002,Memphis Audio,Amplificador,3,3299,0.05,9402.15,4002.15
S01880,2025-05-18,P004,Rockford Fosgate,Subwoofer,1,3999,0.0,3999.0,1799.0
S01881,2025-05-18,P012,JBL,Amplificador,1,2399,0.0,2399.0,1099.0
S01882,2025-05-18,P013,Cerwin Vega,Subwoofer,2,1799,0.05,3418.1,1518.1
S01883,2025-05-18,P014,Cerwin Vega,Bocinas,2,849,0.0,1698.0,858.0
S01884,2025-05-18,P015,KBT Electronics,Head Unit,2,2199,0.0,4398.0,1998.0
S01885,2025-05-18,P019,Soundskins,Accesorios,2,549,0.1,988.2,428.2
S01886,2025-05-19,P005,Rockford Fosgate,Amplificador,1,2899,0.0,2899.0,1299.0
S01887,2025-05-19,P009,Pioneer,Subwoofer,3,1699,0.05,4842.15,2142.15
S01888,2025-05-19,P012,JBL,Amplificador,2,2399,0.0,4798.0,2198.0
S01889,2025-05-20,P002,Memphis Audio,Amplificador,3,3299,0.05,9402.15,4002.15
S01890,2025-05-20,P003,Memphis Audio,Amplificador,2,4499,0.0,8998.0,4198.0
S01891,2025-05-20,P017,Stinger,Accesorios,2,349,0.1,628.2,268.2
S01892,2025-05-21,P005,Rockford Fosgate,Amplificador,3,2899,0.0,8697.0,3897.0
S01893,2025-05-21,P014,Cerwin Vega,Bocinas,2,849,0.0,1698.0,858.0
S01894,2025-05-21,P017,Stinger,Accesorios,1,349,0.05,331.55,151.55
S01895,2025-05-22,P013,Cerwin Vega,Subwoofer,3,1799,0.0,5397.0,2547.0
S01896,2025-05-23,P001,Memphis Audio,Subwoofer,2,2199,0.0,4398.0,1998.0
S01897,2025-05-23,P003,Memphis Audio,Amplificador,3,4499,0.05,12822.15,5622.15
S01898,2025-05-23,P004,Rockford Fosgate,Subwoofer,2,3999,0.0,7998.0,3598.0
S01899,2025-05-23,P017,Stinger,Accesorios,1,349,0.0,349.0,169.0
S01900,2025-05-24,P008,Pioneer,Bocinas,2,699,0.0,1398.0,698.0
S01901,2025-05-24,P012,JBL,Amplificador,3,2399,0.0,7197.0,3297.0
S01902,2025-05-24,P016,KBT Electronics,Amplificador,1,1799,0.0,1799.0,849.0
S01903,2025-05-24,P017,Stinger,Accesorios,2,349,0.0,698.0,338.0
S01904,2025-05-25,P006,Rockford Fosgate,Subwoofer,1,2599,0.0,2599.0,1199.0
S01905,2025-05-25,P008,Pioneer,Bocinas,2,699,0.0,1398.0,698.0
S01906,2025-05-25,P012,JBL,Amplificador,3,2399,0.0,7197.0,3297.0
S01907,2025-05-25,P014,Cerwin Vega,Bocinas,1,849,0.0,849.0,429.0
S01908,2025-05-25,P016,KBT Electronics,Amplificador,2,1799,0.0,3598.0,1698.0
S01909,2025-05-26,P002,Memphis Audio,Amplificador,3,3299,0.05,9402.15,4002.15
S01910,2025-05-26,P004,Rockford Fosgate,Subwoofer,3,3999,0.0,11997.0,5397.0
S01911,2025-05-26,P007,Pioneer,Head Unit,3,4999,0.0,14997.0,6597.0
S01912,2025-05-26,P011,JBL,Bocinas,1,999,0.0,999.0,499.0
S01913,2025-05-26,P018,Stinger,Accesorios,1,249,0.1,224.1,104.1
S01914,2025-05-26,P020,Soundskins,Accesorios,2,699,0.05,1328.1,628.1
S01915,2025-05-27,P001,Memphis Audio,Subwoofer,2,2199,0.05,4178.1,1778.1
S01916,2025-05-27,P002,Memphis Audio,Amplificador,3,3299,0.1,8907.3,3507.3
S01917,2025-05-27,P005,Rockford Fosgate,Amplificador,2,2899,0.0,5798.0,2598.0
S01918,2025-05-27,P016,KBT Electronics,Amplificador,3,1799,0.0,5397.0,2547.0
S01919,2025-05-28,P017,Stinger,Accesorios,1,349,0.0,349.0,169.0
S01920,2025-05-29,P007,Pioneer,Head Unit,1,4999,0.0,4999.0,2199.0
S01921,2025-05-29,P014,Cerwin Vega,Bocinas,1,849,0.0,849.0,429.0
S01922,2025-05-29,P020,Soundskins,Accesorios,3,699,0.0,2097.0,1047.0
S01923,2025-05-30,P004,Rockford Fosgate,Subwoofer,3,3999,0.0,11997.0,5397.0
S01924,2025-05-30,P009,Pioneer,Subwoofer,3,1699,0.05,4842.15,2142.15
S01925,2025-05-30,P010,JBL,Subwoofer,3,1999,0.0,5997.0,2697.0
S01926,2025-05-30,P014,Cerwin Vega,Bocinas,2,849,0.05,1613.1,773.1
S01927,2025-05-30,P018,Stinger,Accesorios,1,249,0.0,249.0,129.0
S01928,2025-05-31,P001,Memphis Audio,Subwoofer,2,2199,0.0,4398.0,1998.0
S01929,2025-05-31,P004,Rockford Fosgate,Subwoofer,3,3999,0.05,11397.15,4797.15
S01930,2025-05-31,P007,Pioneer,Head Unit,3,4999,0.05,14247.15,5847.15
S01931,2025-05-31,P014,Cerwin Vega,Bocinas,2,849,0.05,1613.1,773.1
S01932,2025-06-01,P008,Pioneer,Bocinas,3,699,0.05,1992.15,942.15
S01933,2025-06-01,P012,JBL,Amplificador,2,2399,0.0,4798.0,2198.0
S01934,2025-06-01,P018,Stinger,Accesorios,1,249,0.0,249.0,129.0
S01935,2025-06-02,P011,JBL,Bocinas,2,999,0.0,1998.0,998.0
S01936,2025-06-03,P013,Cerwin Vega,Subwoofer,3,1799,0.05,5127.15,2277.15
S01937,2025-06-03,P014,Cerwin Vega,Bocinas,3,849,0.0,2547.0,1287.0
S01938,2025-06-04,P008,Pioneer,Bocinas,1,699,0.0,699.0,349.0
S01939,2025-06-04,P013,Cerwin Vega,Subwoofer,2,1799,0.0,3598.0,1698.0
S01940,2025-06-04,P020,Soundskins,Accesorios,2,699,0.1,1258.2,558.2
S01941,2025-06-05,P004,Rockford Fosgate,Subwoofer,2,3999,0.0,7998.0,3598.0
S01942,2025-06-06,P001,Memphis Audio,Subwoofer,2,2199,0.1,3958.2,1558.2
S01943,2025-06-06,P002,Memphis Audio,Amplificador,1,3299,0.0,3299.0,1499.0
S01944,2025-06-06,P007,Pioneer,Head Unit,2,4999,0.1,8998.2,3398.2
S01945,2025-06-06,P012,JBL,Amplificador,1,2399,0.1,2159.1,859.1
S01946,2025-06-07,P003,Memphis Audio,Amplificador,3,4499,0.0,13497.0,6297.0
S01947,2025-06-07,P008,Pioneer,Bocinas,2,699,0.1,1258.2,558.2
S01948,2025-06-07,P010,JBL,Subwoofer,1,1999,0.0,1999.0,899.0
S01949,2025-06-07,P011,JBL,Bocinas,2,999,0.0,1998.0,998.0
S01950,2025-06-07,P012,JBL,Amplificador,3,2399,0.0,7197.0,3297.0
S01951,2025-06-07,P014,Cerwin Vega,Bocinas,1,849,0.0,849.0,429.0
S01952,2025-06-07,P018,Stinger,Accesorios,2,249,0.0,498.0,258.0
S01953,2025-06-07,P019,Soundskins,Accesorios,1,549,0.0,549.0,269.0
S01954,2025-06-08,P006,Rockford Fosgate,Subwoofer,3,2599,0.0,7797.0,3597.0
S01955,2025-06-08,P008,Pioneer,Bocinas,2,699,0.0,1398.0,698.0
S01956,2025-06-08,P012,JBL,Amplificador,2,2399,0.0,4798.0,2198.0
S01957,2025-06-08,P017,Stinger,Accesorios,1,349,0.0,349.0,169.0
S01958,2025-06-08,P018,Stinger,Accesorios,1,249,0.0,249.0,129.0
S01959,2025-06-09,P003,Memphis Audio,Amplificador,3,4499,0.0,13497.0,6297.0
S01960,2025-06-09,P005,Rockford Fosgate,Amplificador,1,2899,0.0,2899.0,1299.0
S01961,2025-06-09,P012,JBL,Amplificador,3,2399,0.0,7197.0,3297.0
S01962,2025-06-09,P014,Cerwin Vega,Bocinas,1,849,0.0,849.0,429.0
S01963,2025-06-09,P018,Stinger,Accesorios,2,249,0.05,473.1,233.1
S01964,2025-06-09,P020,Soundskins,Accesorios,2,699,0.1,1258.2,558.2
S01965,2025-06-10,P004,Rockford Fosgate,Subwoofer,1,3999,0.1,3599.1,1399.1
S01966,2025-06-10,P005,Rockford Fosgate,Amplificador,1,2899,0.05,2754.05,1154.05
S01967,2025-06-10,P015,KBT Electronics,Head Unit,2,2199,0.0,4398.0,1998.0
S01968,2025-06-10,P018,Stinger,Accesorios,3,249,0.0,747.0,387.0
S01969,2025-06-11,P003,Memphis Audio,Amplificador,3,4499,0.1,12147.3,4947.3
S01970,2025-06-11,P012,JBL,Amplificador,1,2399,0.1,2159.1,859.1
S01971,2025-06-11,P013,Cerwin Vega,Subwoofer,1,1799,0.0,1799.0,849.0
S01972,2025-06-12,P014,Cerwin Vega,Bocinas,2,849,0.0,1698.0,858.0
S01973,2025-06-12,P017,Stinger,Accesorios,3,349,0.0,1047.0,507.0
S01974,2025-06-13,P013,Cerwin Vega,Subwoofer,3,1799,0.0,5397.0,2547.0
S01975,2025-06-13,P020,Soundskins,Accesorios,2,699,0.1,1258.2,558.2
S01976,2025-06-14,P002,Memphis Audio,Amplificador,3,3299,0.0,9897.0,4497.0
S01977,2025-06-14,P004,Rockford Fosgate,Subwoofer,3,3999,0.0,11997.0,5397.0
S01978,2025-06-14,P005,Rockford Fosgate,Amplificador,3,2899,0.05,8262.15,3462.15
S01979,2025-06-14,P013,Cerwin Vega,Subwoofer,1,1799,0.05,1709.05,759.05
S01980,2025-06-14,P016,KBT Electronics,Amplificador,1,1799,0.0,1799.0,849.0
S01981,2025-06-15,P003,Memphis Audio,Amplificador,1,4499,0.05,4274.05,1874.05
S01982,2025-06-15,P006,Rockford Fosgate,Subwoofer,2,2599,0.05,4938.1,2138.1
S01983,2025-06-15,P008,Pioneer,Bocinas,1,699,0.0,699.0,349.0
S01984,2025-06-15,P011,JBL,Bocinas,1,999,0.0,999.0,499.0
S01985,2025-06-15,P012,JBL,Amplificador,3,2399,0.0,7197.0,3297.0
S01986,2025-06-15,P013,Cerwin Vega,Subwoofer,1,1799,0.05,1709.05,759.05
S01987,2025-06-15,P014,Cerwin Vega,Bocinas,3,849,0.1,2292.3,1032.3
S01988,2025-06-15,P015,KBT Electronics,Head Unit,1,2199,0.0,2199.0,999.0
S01989,2025-06-15,P018,Stinger,Accesorios,1,249,0.0,249.0,129.0
S01990,2025-06-15,P019,Soundskins,Accesorios,3,549,0.1,1482.3,642.3
S01991,2025-06-16,P004,Rockford Fosgate,Subwoofer,3,3999,0.0,11997.0,5397.0
S01992,2025-06-16,P006,Rockford Fosgate,Subwoofer,2,2599,0.0,5198.0,2398.0
S01993,2025-06-16,P008,Pioneer,Bocinas,1,699,0.0,699.0,349.0
S01994,2025-06-16,P013,Cerwin Vega,Subwoofer,1,1799,0.05,1709.05,759.05
S01995,2025-06-16,P017,Stinger,Accesorios,1,349,0.0,349.0,169.0
S01996,2025-06-16,P018,Stinger,Accesorios,1,249,0.0,249.0,129.0
S01997,2025-06-17,P011,JBL,Bocinas,2,999,0.0,1998.0,998.0
S01998,2025-06-18,P015,KBT Electronics,Head Unit,3,2199,0.0,6597.0,2997.0
S01999,2025-06-18,P017,Stinger,Accesorios,3,349,0.0,1047.0,507.0
S02000,2025-06-19,P004,Rockford Fosgate,Subwoofer,2,3999,0.0,7998.0,3598.0
S02001,2025-06-19,P009,Pioneer,Subwoofer,3,1699,0.1,4587.3,1887.3
S02002,2025-06-19,P016,KBT Electronics,Amplificador,1,1799,0.0,1799.0,849.0
S02003,2025-06-20,P002,Memphis Audio,Amplificador,1,3299,0.05,3134.05,1334.05
S02004,2025-06-20,P009,Pioneer,Subwoofer,1,1699,0.1,1529.1,629.1
S02005,2025-06-20,P014,Cerwin Vega,Bocinas,3,849,0.05,2419.65,1159.65
S02006,2025-06-20,P017,Stinger,Accesorios,1,349,0.1,314.1,134.1
S02007,2025-06-20,P019,Soundskins,Accesorios,1,549,0.0,549.0,269.0
S02008,2025-06-21,P001,Memphis Audio,Subwoofer,1,2199,0.05,2089.05,889.05
S02009,2025-06-21,P004,Rockford Fosgate,Subwoofer,3,3999,0.0,11997.0,5397.0
S02010,2025-06-21,P006,Rockford Fosgate,Subwoofer,1,2599,0.0,2599.0,1199.0
S02011,2025-06-21,P008,Pioneer,Bocinas,3,699,0.0,2097.0,1047.0
S02012,2025-06-21,P010,JBL,Subwoofer,2,1999,0.0,3998.0,1798.0
S02013,2025-06-21,P020,Soundskins,Accesorios,3,699,0.0,2097.0,1047.0
S02014,2025-06-22,P001,Memphis Audio,Subwoofer,2,2199,0.0,4398.0,1998.0
S02015,2025-06-22,P002,Memphis Audio,Amplificador,2,3299,0.1,5938.2,2338.2
S02016,2025-06-23,P011,JBL,Bocinas,2,999,0.0,1998.0,998.0
S02017,2025-06-23,P018,Stinger,Accesorios,1,249,0.05,236.55,116.55
S02018,2025-06-24,P004,Rockford Fosgate,Subwoofer,1,3999,0.0,3999.0,1799.0
S02019,2025-06-24,P009,Pioneer,Subwoofer,2,1699,0.05,3228.1,1428.1
S02020,2025-06-24,P012,JBL,Amplificador,2,2399,0.0,4798.0,2198.0
S02021,2025-06-24,P015,KBT Electronics,Head Unit,2,2199,0.0,4398.0,1998.0
S02022,2025-06-24,P017,Stinger,Accesorios,3,349,0.0,1047.0,507.0
S02023,2025-06-24,P018,Stinger,Accesorios,1,249,0.0,249.0,129.0
S02024,2025-06-25,P001,Memphis Audio,Subwoofer,3,2199,0.0,6597.0,2997.0
S02025,2025-06-26,P001,Memphis Audio,Subwoofer,2,2199,0.0,4398.0,1998.0
S02026,2025-06-26,P006,Rockford Fosgate,Subwoofer,1,2599,0.0,2599.0,1199.0
S02027,2025-06-26,P010,JBL,Subwoofer,1,1999,0.0,1999.0,899.0
S02028,2025-06-26,P011,JBL,Bocinas,3,999,0.0,2997.0,1497.0
S02029,2025-06-26,P014,Cerwin Vega,Bocinas,3,849,0.1,2292.3,1032.3
S02030,2025-06-26,P017,Stinger,Accesorios,1,349,0.0,349.0,169.0
S02031,2025-06-27,P001,Memphis Audio,Subwoofer,2,2199,0.0,4398.0,1998.0
S02032,2025-06-27,P004,Rockford Fosgate,Subwoofer,2,3999,0.0,7998.0,3598.0
S02033,2025-06-28,P010,JBL,Subwoofer,3,1999,0.0,5997.0,2697.0
S02034,2025-06-28,P019,Soundskins,Accesorios,1,549,0.1,494.1,214.1
S02035,2025-06-29,P011,JBL,Bocinas,2,999,0.05,1898.1,898.1
S02036,2025-06-29,P012,JBL,Amplificador,2,2399,0.0,4798.0,2198.0
S02037,2025-06-29,P020,Soundskins,Accesorios,2,699,0.0,1398.0,698.0
S02038,2025-06-30,P004,Rockford Fosgate,Subwoofer,2,3999,0.1,7198.2,2798.2
S02039,2025-06-30,P006,Rockford Fosgate,Subwoofer,1,2599,0.0,2599.0,1199.0
S02040,2025-06-30,P008,Pioneer,Bocinas,3,699,0.05,1992.15,942.15
S02041,2025-06-30,P010,JBL,Subwoofer,3,1999,0.0,5997.0,2697.0
S02042,2025-06-30,P012,JBL,Amplificador,1,2399,0.0,2399.0,1099.0
S02043,2025-06-30,P013,Cerwin Vega,Subwoofer,2,1799,0.0,3598.0,1698.0
S02044,2025-06-30,P015,KBT Electronics,Head Unit,1,2199,0.0,2199.0,999.0
S02045,2025-06-30,P017,Stinger,Accesorios,3,349,0.0,1047.0,507.0
